cardId,exampleId,wordsBefore,wordsAfter,beforeHash,afterHash,rationale,reviewType,independentReview,liveTested
D01,D01-single-a,33,36,361a0a3041cb52e99d1d6f1c5b2c95fa118734bae0b8453b493647ef8cc9848c,417a2e6586fe584fed71c63bca25010559e3be1dede27016c1624f783549ae81,A engineers an explicit request for help instead of helping immediately; B's independence changes A's tactic.,internal-editorial-rewrite,False,False
D01,D01-single-b,35,33,163c78079432a1f0f3be4274d78ab30aa1060d1b993a13d11b5da289a0f9a3b5,8ad07d4c40fece95dc502c0cdf3aceaed011b243759ea72f7872335145f30b4e,A engineers an explicit request for help instead of helping immediately; B's independence changes A's tactic.,internal-editorial-rewrite,False,False
D02,D02-single-a,39,34,2426e69715929eef8cca4d68f7510df32c68faeba41ac91efa58a8e70337c17a,c297150551afc5df51c39788981f7217b5bb7a73e1bc440cc0e8cf0f10afe071,Each practical pretext keeps B in the interaction; A never directly asks B to stay.,internal-editorial-rewrite,False,False
D02,D02-single-b,30,39,4c92a3eb4942cab3a5e434c9a1c272c689c35a514b1910bc6af10ae48e0eb38a,dc77c0850c91009fab4a9b69644bed59eb486c3eb8df1d1d916ec1efbfadbc1f,Each practical pretext keeps B in the interaction; A never directly asks B to stay.,internal-editorial-rewrite,False,False
D03,D03-single-a,31,35,4aee315c79384a0a8aba508de06eabc1744ffad0be85e11e7c613158606f9a32,0b44411729718360b1e9ba07b068992b6864530f8732783e1582d4c2c02efcf4,A seeks an apology through indirect cues without revealing the precise offense.,internal-editorial-rewrite,False,False
D03,D03-single-b,31,30,de9dc5d1793ef11e66781f7166513de515fc0b740dae2af575922a9a49c66d05,33c5bce65c2bbbd2bd3d0c2630a675d4c01083b0e0b6625361386dd39b8794b7,A seeks an apology through indirect cues without revealing the precise offense.,internal-editorial-rewrite,False,False
D04,D04-single-a,35,32,5dd44efc6b5b0998418cea7a7ae259b353905bd47e20d2e36ea192c3783370d6,a6f82bb5f420038239101d1ce4761d5d0ff542ac918030b3e614199db4c3102f,A asks for approval before revealing that the decision is already irreversible.,internal-editorial-rewrite,False,False
D04,D04-single-b,36,34,fa9b0998e8a5caf3a4681058ef6a40319a1bf24df0f3cf082bd85921a6bd6c77,9fdf689e0dedaecdd369744f9efb4017df1756f13cc840ce4f969ef1605b41cb,A asks for approval before revealing that the decision is already irreversible.,internal-editorial-rewrite,False,False
D05,D05-single-a,38,40,74873155f664186d807093239b75321acf4101b193fb2b9646104eedbcc41582,2ad00a1386b073af8894bf02859f2191326c15e500569b8aed164c7df2e8104b,"A makes the unwanted task sound like B's own natural choice, rather than merely assigning it.",internal-editorial-rewrite,False,False
D05,D05-single-b,34,34,1d8562c0f3bfdf332288fbf3e2be375b6f9237e95284747ae56de68414d085a5,514e75a4d758f0682ad074c1d3ab0fc96449161941a609d749399d490d1b1363,"A makes the unwanted task sound like B's own natural choice, rather than merely assigning it.",internal-editorial-rewrite,False,False
D06,D06-single-a,30,34,7fec8b881a5ffe49990814276f8a59837bc194fe30ea905c32289eae56c12e8a,a66eccdaeaa41b92a86a07df3cb7cbb8989d14e1193194f6fb715bc7b853a380,A probes the extent of B's information without volunteering the concealed fact.,internal-editorial-rewrite,False,False
D06,D06-single-b,36,28,02a17b786e291ff06d9c9bce908c74243619712b44d05ea03d5e006c178d73d0,52343b69fc33b3f314f5cd518f48b7518272c5846afec9236aa170efd1b9523f,A probes the extent of B's information without volunteering the concealed fact.,internal-editorial-rewrite,False,False
D07,D07-single-a,37,38,4e7a9268a5de6a639d9a31bd6f97815f99c7315889e8f78b7b2d9ba36ce2def9,558d47384ed88f5d7b1233373d6e13cacd047370f2d44f7d330caa9c3c8e10b5,Recruitment proceeds through enticing partial disclosure; B can question or refuse.,internal-editorial-rewrite,False,False
D07,D07-single-b,33,42,087be5398ea353be53dc845b6730e0ba49a1cbbbe9f4aeec9c0569977fc62f89,106b163751266a608e37e890f60c877f730adc8ea0fce49a5bf30fb907e636b7,Recruitment proceeds through enticing partial disclosure; B can question or refuse.,internal-editorial-rewrite,False,False
D08,D08-single-a,34,35,a5ba2d2d6aa9d49894aa356d735f4baf86b20a0f6bf69dda16b7ed7091597e5e,5a6cd609e7bff8eee8c1eaefa5e34b41573f7cc3aa4586ae04a911f791c01e06,A preserves plausible innocence while inviting B to test the rule first.,internal-editorial-rewrite,False,False
D08,D08-single-b,33,33,49d0dc1ac9bd8068691c150c11ad4a97ff950f12523c84d2228a5687ae7e5d15,12146d30eb0546ca5a6602ef2c0030ef26f99fb1229f2cdfbe78668e3a08b7dc,A preserves plausible innocence while inviting B to test the rule first.,internal-editorial-rewrite,False,False
D09,D09-single-a,39,33,10db402a67abc31eb424c943748fddaf44463656471b6c14e581a9f970eed968,33ab2b58b8fed5e9ca485c4a04f50f271bd274f432307520fb2412b050a397c0,"A insists that a concrete contribution be acknowledged explicitly, not absorbed into a collective thank-you.",internal-editorial-rewrite,False,False
D09,D09-single-b,29,38,8c5db09d4fc3cb3ef91cbefcd1225f01fd5017203c67ec5591c6bb526118328b,a4e32a52f9d31282efce2bed15f08abc4b3f963c872e822e2e238a0a7d36b041,"A insists that a concrete contribution be acknowledged explicitly, not absorbed into a collective thank-you.",internal-editorial-rewrite,False,False
D10,D10-single-a,36,36,6f83ec6f4f268105432073bdd79ef7b0cb5ab9e1dc740d300874ddb640c086ac,d2598e9aa18dc19429e14f84ffee48377fa1d2811dc2dea25178626f91c533e9,"A makes a competing choice personal, offering escalating reasons to select A.",internal-editorial-rewrite,False,False
D10,D10-single-b,36,34,531174d2b3dc6d46df5e1d6ecc791dce24f351488fcc5aa3eaafecce2cf1d165,ddf63454618bbc497a5b663fe3987081a95a9c6a33606c1ef6e2718d3594f825,"A makes a competing choice personal, offering escalating reasons to select A.",internal-editorial-rewrite,False,False
D11,D11-single-a,33,37,2f6f93b45189557f5381ec494c9cad6379b7b10d91590c7ebcfa0e391c42babd,a4e09d2dad643e8014c9214909b91a70f089ec881d4c0d1682fd1d5f555588cc,An apparently casual choice becomes an unannounced loyalty test; A treats each answer as evidence.,internal-editorial-rewrite,False,False
D11,D11-single-b,38,32,4b24931ed553c8442ff886fbe3e789b0bad3fc0e638efa434e8cd867282c7814,b3b534dabf1f3884db8c69579f732fb7f075128d412ae910ca76b80fcbc89ac2,An apparently casual choice becomes an unannounced loyalty test; A treats each answer as evidence.,internal-editorial-rewrite,False,False
D12,D12-single-a,35,40,e5eee0e341d2e8b7a212f1b4bcac338af2a9c2dec1f7da4eea7bdeb30351830f,34276219bfee04f60309dc283d97b7aa74c4e07cfb693bd5c34f4b4611348b7e,A pursues a valued possession or claim and distinguishes surrender from a reversible loan.,internal-editorial-rewrite,False,False
D12,D12-single-b,37,30,02a0bd19eda4b793851a328f49252f6b2c184b8440873578c6dbd09b3ec990c6,869b6c97798b04ffe2b2de5bc6c7b322208ce3892dd39078544323b2e23cfa21,A pursues a valued possession or claim and distinguishes surrender from a reversible loan.,internal-editorial-rewrite,False,False
D13,D13-single-a,35,43,706b39ecc966252d60265cda21a8e945adcd85120501e39635609b2ec5ae005a,1e82c7c5e728545af4e916854e6839d4dcef469298fb2afe655f75ccb5a0b629,A's enthusiastic investigation diverts scrutiny from their own incriminating evidence.,internal-editorial-rewrite,False,False
D13,D13-single-b,35,33,a20a1f4a02ebb405b444f317c17572e617c2a7a247571b19f9e0928f675c315e,8584231fbb156c75bf794a9a565166e8334fdbbd270c6962e776e4247cb08e59,A's enthusiastic investigation diverts scrutiny from their own incriminating evidence.,internal-editorial-rewrite,False,False
D14,D14-single-a,30,43,09295376b972ce650d01bd976fc1c1398140f18326915ea7b7a49f887acf30bf,305f00ccf16e445fc049d8019f9f6feed5d31ab51b055fbb57091c322f9904ac,A redirects through a concrete adjacent subject; B returns to the same protected topic.,internal-editorial-rewrite,False,False
D14,D14-single-b,38,38,fa46fa34f7690de0c725f0c266a6701a604b49655f985062ffcbdf521f12716e,133493820a1797322c0f085b691dab6945099038f8aaba7350f214d3c3349c4b,A redirects through a concrete adjacent subject; B returns to the same protected topic.,internal-editorial-rewrite,False,False
D15,D15-single-a,35,32,25d03869ec9b0527b22b708aaea882fd2e4261f83cdf4b1a77fbdfa5d27fae09,478c09b9d6d0a72a00e2ab2bc68037576017b76bf1281710e23f7d7d71b0bada,"A maintains a protective lie as specific facts make it harder, rather than concealing for personal advantage.",internal-editorial-rewrite,False,False
D15,D15-single-b,29,32,efbf2ac70081fac086721182e511f0729159c08253e65f850b204e4a1bf9271a,03d26eacedea3cee75b8643e338665002a27c9536499c0c2d27e50990d78c68a,"A maintains a protective lie as specific facts make it harder, rather than concealing for personal advantage.",internal-editorial-rewrite,False,False
D16,D16-single-a,34,40,536c89f85bd1716b5d5e11a5a18c072b89cdb71177a2ed4399ac375957e6a542,06504256802885fde6ca89014f4f5ee748c9d4b403465f460b19365b10dbe719,A trades disclosure for B's prior admission and delays their own commitment.,internal-editorial-rewrite,False,False
D16,D16-single-b,34,34,934a334492629d6053a06eb80197f8ea2b6610deed83e3aaee7e53ff3fb24e9c,e037695c691af95d59f589e1338598c7c0591d6888f5d5c28fa2a715aae567ac,A trades disclosure for B's prior admission and delays their own commitment.,internal-editorial-rewrite,False,False
D17,D17-single-a,34,30,865616ad1675e8cb65e59dfc22a61b23731cffc07569b3558c5bfa1a3c0c2486,0d18d22b6b5c187334909d495c8731bca41252f170fee0bb6e66cc675ddcdfeb,Each practical objection becomes a sales argument for the same obviously bad plan.,internal-editorial-rewrite,False,False
D17,D17-single-b,30,30,c75714a423bfec5d58613b50aa1c44f4cccaef1c22cca639c8dbe82b91904626,db5ed95e97c4234e6a111375661b02a7de0b0e076d119719f25a3ab25c0f6c43,Each practical objection becomes a sales argument for the same obviously bad plan.,internal-editorial-rewrite,False,False
D18,D18-single-a,30,30,1fb273bc9d6c3aaf150c6282a0aa19a4cb8311b4fd8baa222a0f7501619262e5,1cbabef9c72dbee689807a1088828f3695bef5e7be1ae51a04f31cb377e695ba,A invents confident technical interpretations of concrete evidence they do not understand.,internal-editorial-rewrite,False,False
D18,D18-single-b,29,32,22c03d6bd99807072144f328ac6ae323511d11bc66c20243b22922daac373be0,967121f118484d406bd521400377e705972ff033cc47a96c6036c380adc929a8,A invents confident technical interpretations of concrete evidence they do not understand.,internal-editorial-rewrite,False,False
D19,D19-single-a,30,34,087610423f699bc19a08ee8318dbeb5c33653ddc856cd85b0e69f65641271557,7e9b9d72667ad2c922c55a64cd038e8ae7436ec751b7bce43dd1def03e6fa7f3,B's attempt at ordinary cooperation becomes the next measurable contest.,internal-editorial-rewrite,False,False
D19,D19-single-b,35,27,430e6996bf1bca0e982c565103966cc2ed8b99ee039b8df7634a185b448d47cb,88f1dcdd3b5d12c8e928e0ff0dba47ef9992d3df62541ccb3d952487817c1ec8,B's attempt at ordinary cooperation becomes the next measurable contest.,internal-editorial-rewrite,False,False
D20,D20-single-a,29,25,c775bc1e86b2be078d3e5daaed2f38c3901877c89fdda5c691e84e166f8416b4,2014a214e790651621a3f7829cb59f8f991c920dc0526c14117a714c9489026b,"Optimism increases as setbacks accumulate, turning each newly lost option into an opportunity.",internal-editorial-rewrite,False,False
D20,D20-single-b,28,30,5a4b1ba2f39d23492400ab58c21715810480299777182aacbe5a52deca469a5c,1a7d9936abc03cf37385ffa9512bf4642cdcbee4b937f3b7151431f92a001e90,"Optimism increases as setbacks accumulate, turning each newly lost option into an opportunity.",internal-editorial-rewrite,False,False
D21,D21-single-a,31,41,b75c8da63b0b351c8474e1b68e7a6c038d81d903e758520f6be984eb0c12352b,cb055a5a3465579df2c6ed3a54b43af3dba4f372739f4769d940f1e170228226,Helpful language remains intact while practical generosity becomes increasingly furious.,internal-editorial-rewrite,False,False
D21,D21-single-b,32,39,ba5a5b409859f4819b79b5a9ccb3e66b332e33e7211543eb8b94eec33f0bdf30,2fbce0a3cf72a7df5ca943a87acc34f8e5e26d0b28e53514f86306f26fe1b5f0,Helpful language remains intact while practical generosity becomes increasingly furious.,internal-editorial-rewrite,False,False
D22,D22-single-a,34,38,4ec140107b3d273c9652c8c6eebe00cfb8e5940f90857a0fc4d62bc876784edf,a49c538c9db82c4c37811149967671959028a8e1b8afa39f29af055c7194de96,A negotiates ordinary kindness and even the terms of acceptance as exchanges.,internal-editorial-rewrite,False,False
D22,D22-single-b,33,32,f399adfd5435b66618890ae35409efa774a128b204f053e311f9fbcc6a9daa66,f1f9833f8c367b450edeb23ce67fc1865a9bdb920a6d4198fac1772979b6d5ba,A negotiates ordinary kindness and even the terms of acceptance as exchanges.,internal-editorial-rewrite,False,False
D23,D23-single-a,32,34,a5fa7a20d423a6bdbe8c1ef11d2bd91ff86ba9ec318d4a53e2f08580d22fd1f9,f28c138ced5d74de2744fe531ca413be583ea2fec5e0d59821c16b9c76cd69e1,"A verbally agrees, then narrows the agreement to suit their own convenience.",internal-editorial-rewrite,False,False
D23,D23-single-b,34,38,7528f8322d9b4758006fbb6d121dda2392e86553ddec9001d589be54c5ec9f5b,0525c18ab80e10cb94411009e0bd5196e576a3ca9eb81f155ab2b1beead08027,"A verbally agrees, then narrows the agreement to suit their own convenience.",internal-editorial-rewrite,False,False
D24,D24-single-a,30,34,6db61c019f0725f786d3671d558b475b41f639a30fcec6314cc7bb250137a4a2,a0d09c3eaa706e9cb7e5abcbc4f081817f2f4809b0f36a87607312822212f9d6,"Minor recurring evidence expands a specific theory of a larger problem, distinct from mere random worry.",internal-editorial-rewrite,False,False
D24,D24-single-b,32,32,358a1e77504e646a4decc3a8ef22ea6ae2d3a4381cf1228e65e9aed031896179,acd90a6333ddb547e144668a80cf369f06f72f808b505b64cde1cf0204def6fd,"Minor recurring evidence expands a specific theory of a larger problem, distinct from mere random worry.",internal-editorial-rewrite,False,False
D25,D25-single-a,38,32,7439065c8b5a361811cf264f81e361bb7dc530e520f3ddf4080a920b0b27f545,d19698499269ffc2fef2bbe7e15663d23c6e08b0f6e06adbcd5752cf726189fa,"One tiny favor expands into the whole task, with each new request growing directly from the previous one.",internal-editorial-rewrite,False,False
D25,D25-single-b,38,27,21ab65f5d64e108b63d490844723dd113697580a35344715e821ea0256894582,36623deee56f49b21d3580f3551fc2e36eb1cd424e315d898db29ac3faf46dcd,"One tiny favor expands into the whole task, with each new request growing directly from the previous one.",internal-editorial-rewrite,False,False
D26,D26-single-a,28,29,600655af1767e02eddcaa53af4da6a51198097ccc954e7b234f9e65a493bb709,ee24f079aea2b34dd32fea691f6cbf8ea475aca3e132f2dfcab6fdefcab497ad,A discovers a new concrete reason to delay departure only after B resolves the previous reason.,internal-editorial-rewrite,False,False
D26,D26-single-b,36,33,a86c6401a5ada5b1bc665b253cffbfc20845792c711263ed5ce192dcacb6d99e,b5118f434746531dfec35a241adb2031a4d86760554b3d8790a27d6182f09b2b,A discovers a new concrete reason to delay departure only after B resolves the previous reason.,internal-editorial-rewrite,False,False
D27,D27-single-a,32,33,6fdb7438ca6a618ac4266a177b2c6f65ae6a6b911b313d1e479f7174210c2213,18e520f9a03378836ea0654b4b82c7cce3417bc8aece37670a83e0b90044801a,A displays the actual cost of B's inconvenience until an apology becomes the practical response.,internal-editorial-rewrite,False,False
D27,D27-single-b,36,34,4e19799222a3ca8762092d57021b9c87a4c950d9d2e3196c6f786e5bb1b36528,b784dbdfc419bdb28a273656ffc93041a5132a15dcb397806cd86f68a307240b,A displays the actual cost of B's inconvenience until an apology becomes the practical response.,internal-editorial-rewrite,False,False
D28,D28-single-a,36,34,89ba29e75d7d9ce3938e2aa5c9f2e07b269612d05c2fa40e88d9790790d8b116,7c6cf06b8e551e57e1355afd85bd1def6614069726e2d4115b26509b6b64f962,"A accelerates a yes before the costly particulars are considered, using the act of reading as a supposed risk.",internal-editorial-rewrite,False,False
D28,D28-single-b,32,31,ef1dd965dc3f60c7b9aedb609d2ce32ad67fb3e8f5c1f3f003fc1fd10f64f37f,beb659f322bffa47cc9d520f999597e3771f1e9eebd7dc95a0cd93084bc44742,"A accelerates a yes before the costly particulars are considered, using the act of reading as a supposed risk.",internal-editorial-rewrite,False,False
D29,D29-single-a,31,27,47398559b974bc4d895de5112cf52a29bb6084049012d3692c609a67d2088afb,079b2508aa3940aa11df29fcbee774eb312b24e5e88177812fd7154619998334,"A transfers the responsibility back to its agreed owner, refusing to let competence become permanent duty.",internal-editorial-rewrite,False,False
D29,D29-single-b,30,34,71ac758b1a28e500d7a7a53ea116930bdcb1d6f9262e531293b004bf668f11a1,d5d3bc777212efb07c0d405c3e28f4e62c7d7cae489f1a535fcb7d970df4dda6,"A transfers the responsibility back to its agreed owner, refusing to let competence become permanent duty.",internal-editorial-rewrite,False,False
D30,D30-single-a,35,35,0172e932871473c89620d417fc8089cf65aee55664720ae1a39189f6edd222bd,55ef8b66f2bc277d283431bcde97cb7cf7e8e9e50f8e8cf4e25bdf3cd981d3ef,"A reconstructs forgotten plans through questions framed as verification, never admitting the lost track.",internal-editorial-rewrite,False,False
D30,D30-single-b,29,31,fc13eaff9423f184be530b2f2a53dba4de3753f67e9ab9bc65b7ce069eb0acd1,0d20a1634098b43e396299e49d75a95183a5ff21d879b9b95f92f94e5e6e84e3,"A reconstructs forgotten plans through questions framed as verification, never admitting the lost track.",internal-editorial-rewrite,False,False
D31,D31-single-a,35,41,cd33f8c12880d39dc20c65f0c11d9a51db64f770c1a4c02d1342afddc6863ad1,02c0ecbbf5998fedc5b948c60be3ac04c10501a88d2052008a1cfcd3bd8fc64d,A recruits support for a disputed everyday arrangement and negotiates the wording of that support.,internal-editorial-rewrite,False,False
D31,D31-single-b,32,36,6ee2c85e4625bad897428943f1eb3dfecbd7acf1bb4794fea376e55562c63632,849a2e03576398e11fab6af001bd2db961f0204285696e427f8313e57a81160c,A recruits support for a disputed everyday arrangement and negotiates the wording of that support.,internal-editorial-rewrite,False,False
D32,D32-single-a,29,34,5cbf744702b818b2e7a13617c808b08700d9a46622831d0dddaf0f17ff6982f9,594e8992bbf1a47f4c1bc2d5e8aef0c10e2ef9375a2a1ef56a60e3046479538c,A coaxes B into testing an uncertain shortcut while remaining ready to learn from the result.,internal-editorial-rewrite,False,False
D32,D32-single-b,33,32,ddf5ea12ef692d720313d871104aa8cdcf8d48a6255f3b2d8531ab1d42611b0d,63ed41ca63e07680ab38b61c7d5030d33b5b3de362b5233f1f8acff2e17a04f2,A coaxes B into testing an uncertain shortcut while remaining ready to learn from the result.,internal-editorial-rewrite,False,False
D33,D33-single-a,33,32,b09807050df2edff82cdc860a31c1b528fb010d8c67b19c933e5d6d6b23623c8,63f954019e3423866e964e773e266e662957d6dc33c6312657294f93781b6ec8,A insists that effort be recognized in its concrete units rather than dismissed as a minor favor.,internal-editorial-rewrite,False,False
D33,D33-single-b,31,29,194b49f75d665486b6d24e49629b6275ed5ed48e9248da7ad38e71762e9c9d16,e22b35bbd6a103e7ce4731cf755e97ef07e22cf46eee7347cb651045d39ee886,A insists that effort be recognized in its concrete units rather than dismissed as a minor favor.,internal-editorial-rewrite,False,False
D34,D34-single-a,35,34,715166811ff2b72b580f6b615959a2b8ccc0faed3476015be88a44ba0909eeda,026f29bf19c361f110e7b45d6fa02f0f6bb764dad054d6ffc494dca0f224337c,Two incompatible obligations force B to choose what will be sacrificed; A refuses a vague demand for both.,internal-editorial-rewrite,False,False
D34,D34-single-b,30,36,f6f16d7bf712f8c4ae6b22712f77f4b2a2ebbaef2032f3c92d42773125ee4149,668ca1531b9bcf79a250709447edd58eb91726039ba7b2688cff44debd6980d9,Two incompatible obligations force B to choose what will be sacrificed; A refuses a vague demand for both.,internal-editorial-rewrite,False,False
D35,D35-single-a,33,36,429eef28bea12be468a529972f0d82dac10410a41c543c43e392b571b7cfc4c6,0cddd2c843355ff38ced4a4466aeac87c248d47d58b91cc32562913f39f3d572,"A asks for a small rescheduling as evidence of personal priority, not simply availability.",internal-editorial-rewrite,False,False
D35,D35-single-b,33,36,32ab3117189c2183d5130d310a3ac4a7b5f890f5feeb6fbec52e0a2839e38861,df984b69707cae0ad67de64588127c18debacd21acde8636f657f98b9296fb8a,"A asks for a small rescheduling as evidence of personal priority, not simply availability.",internal-editorial-rewrite,False,False
D36,D36-single-a,39,38,1f3c8631b7f1b9a1cd3339241313ecb43fbd00f488c97138ff875f536fcfff7a,c9d502908179e431c6d61702fb8752a8ab7ee0e3519cdecbcc82ec9bd7f9ecb4,A seeks control of a task by offering a concrete handover while B keeps defending ownership.,internal-editorial-rewrite,False,False
D36,D36-single-b,35,39,ea2c3b1fce6ab7dede61ba08946589750594910c8e579052aaa1d0136efcb4db,33e319f4210662ab4c782512de3d7b4083082ab4af2ead9996fd909dc83e4eb2,A seeks control of a task by offering a concrete handover while B keeps defending ownership.,internal-editorial-rewrite,False,False
D37,D37-single-a,30,35,453281b556573d2bae56a4a8e8e12eb3407b893088d346bdeeef0068b55ded06,d6fa4d727ddc4db385ca1a80530baf803385db772dbf75cc449bc58642880a8e,A restores an object inconspicuously while new evidence threatens to reveal the original misuse.,internal-editorial-rewrite,False,False
D37,D37-single-b,31,35,56cf0033cb0e54bea47599395893257c88f582643a591bf0a7ad1eb862218870,74a2e7e9a083d7d90f99fde0c03b42f904f3b3c9075591fbd1539c3741454332,A restores an object inconspicuously while new evidence threatens to reveal the original misuse.,internal-editorial-rewrite,False,False
D38,D38-single-a,34,34,f7a18c1e1c655987af9aff64f85981e8b3a363b0869287bf3c3b5cf39e12db5f,db2b6a512f4fecd031952c8f1c0279c0207fff26de20f3f8f1df5689fa049cd3,A directs attention to minor presentable details so a major unfinished responsibility stays unaddressed.,internal-editorial-rewrite,False,False
D38,D38-single-b,32,27,7a80cbf48e86e04461746eeeaa5dcd62aa5f0801c40666cc2031f228278bac6b,6ad86f1377dbc7f3f3113f3007bd7aff9479e5a606d9aeec7b6e3e2496f8abd6,A directs attention to minor presentable details so a major unfinished responsibility stays unaddressed.,internal-editorial-rewrite,False,False
D39,D39-single-a,36,38,9969f38f09dc5bca76fd51e893259aa715c56c2f076fb5489e664b1fe102bf07,e5faf48804fb790c97c565cb9dd397d0982b1e0656032f9a1129b7cb2f3ea3c3,A hides an inconvenient problem to spare B worry and quietly increases their own burden.,internal-editorial-rewrite,False,False
D39,D39-single-b,31,37,6f8cde72f5e342566f92e710222b44fe6bea7109b490d8b55e9d9dd0710d81e4,84640180bb14452c356007d16b8dc4e0def58d0d102cfdb1b2666713531486ed,A hides an inconvenient problem to spare B worry and quietly increases their own burden.,internal-editorial-rewrite,False,False
D40,D40-single-a,35,38,236c218617e79f97a5bb9029c5b1b399bdc952173739ba0aca3dd8542f68148a,abf2556d6aa7a94653b22e10ae1c77b38a88a5a3f710cdea78c74d8553954e2b,Innocent detail questions narrow responsibility for a changed shared plan until a voluntary admission becomes likely.,internal-editorial-rewrite,False,False
D40,D40-single-b,28,33,1649389c222b034639c1f0e798a9e347f779a4e1556fee77fa4e3544e540f451,80459922689832fd9b8adcd0ed474d42e148a77d5f2aba4394178e3a172a10f0,Innocent detail questions narrow responsibility for a changed shared plan until a voluntary admission becomes likely.,internal-editorial-rewrite,False,False
D41,D41-single-a,31,29,9c19a12241d59e5f9f732949ed4175360d22efdf058eae0bb8ab018a52720c87,d3cc704115f66ed8d9d2e8522be06b6f75193b99bd23626de62c95a1f82269bd,Incomplete work is described as an intentional finished product; practical testing exposes what remains absent.,internal-editorial-rewrite,False,False
D41,D41-single-b,30,30,5b9df38050f7a62049924ca054368b0e3d3d8fc91f735f54199024266a6e0eb9,42801c65b813c8af9c1102a0179da9af7dfa6ef87046aa05fa556397ccbf5681,Incomplete work is described as an intentional finished product; practical testing exposes what remains absent.,internal-editorial-rewrite,False,False
D42,D42-single-a,30,33,f96d6b55b9f59416f0a733a983d657193c63185d1c514cd3f58bb887983f5e50,28b91997a1368bf739693fd33c908f95d148189b4ac3c8a230948e363d27d6c3,A learns from B's practical corrections while pretending to recall each step from experience.,internal-editorial-rewrite,False,False
D42,D42-single-b,38,30,0762a7005992dcbe7572f395e691d25b39bc5814b17e6ca5c3ba37a611e06648,308159196d2287ceead8c97d83b44ace94c472f69b32a6edc093d67cc74bb9e7,A learns from B's practical corrections while pretending to recall each step from experience.,internal-editorial-rewrite,False,False
D43,D43-single-a,34,36,76b4a1aa2fc59f3e8240243e9069b25283bc9d62d1f4cad4b3edc3fd7368298b,990bd058416266c45948857f0ccda53454da92b31b1b68420ca8b481c691dd76,"A exceeds the actual favor just offered, turning generosity into competitive escalation.",internal-editorial-rewrite,False,False
D43,D43-single-b,32,37,afe61769bc7ca1a53959644963f1e13ce2535a0bbc81e730ee11946774455d06,ee6e5634dc6f2d91d7d1d89c1e01553b6a0c4450a3f34c3f2f9737f44c2741ed,"A exceeds the actual favor just offered, turning generosity into competitive escalation.",internal-editorial-rewrite,False,False
D44,D44-single-a,29,36,3f7de1364e6e70cdfbe0daae4e347002dcd23c8d39f79de7e0631cfeb37f35bd,33e85329bd7a103cba150e5f941bfcb59528b8e789c3ebb1cb64fb51fd808941,A derives a concrete efficiency scheme from each inconvenience rather than celebrating without a plan.,internal-editorial-rewrite,False,False
D44,D44-single-b,32,28,e036adc28801a3411c5b5bf5cb5011468a224bd9267f2901b26aa4a9a9fe1c1f,0718f87695226802d2517c686bcbf1a9a3b9278e8267954da6ef62f96d965aea,A derives a concrete efficiency scheme from each inconvenience rather than celebrating without a plan.,internal-editorial-rewrite,False,False
D45,D45-single-a,37,37,078c995d2e86e06a16d962e4fa0760bf7972c321b01410ff40dedecccf77b810,ec2635b25119cac26d9f51357d2d7d37ecaa589df13cf0a5646c3e903c492285,A accommodates each extra burden while ensuring the cost remains impossible to overlook.,internal-editorial-rewrite,False,False
D45,D45-single-b,31,33,8e07c26344dbe069d8edafa95f9781ebf2f5c45a2840fa19c325ceb59ff04cd8,745c2bec8605f43747db8dd60bd513b0e1e0a43b2fabe790d7e258cd3ba27abf,A accommodates each extra burden while ensuring the cost remains impossible to overlook.,internal-editorial-rewrite,False,False
D46,D46-single-a,31,32,9de0ce134e1dfad894049ec45d905fd033ff77e1cd3df41d97e10c924332c3d6,d913bd77adabcabcdca1f18931131a0017b3a57c5f2405bdd385e3b8dd08c5ad,The price of a favor is recalculated in concrete time and effort when B challenges the exchange.,internal-editorial-rewrite,False,False
D46,D46-single-b,37,35,543cf0554aaa44169cbfb141f60655b8c630a41aea804e5d02ff804e6b97792e,a3ddd23e9c0fd3bab12f1db57e84165d9b029c36ca151c949ab8476171ed8399,The price of a favor is recalculated in concrete time and effort when B challenges the exchange.,internal-editorial-rewrite,False,False
D47,D47-single-a,31,35,0783a8b339a1d181e3d41b40c2d8209fd8ad31265d5c864d495374109f02e467,c9f9842befc94b8eea05e5ed4bbe1c7fb1f9cf1ea3252476c6775c915e85e4eb,A fulfills the literal minimum of an agreement and treats B's broader expectation as a new request.,internal-editorial-rewrite,False,False
D47,D47-single-b,29,27,5ea8205ae0c1f8e67b6a56dbb6aac61e069342a73437444040f82b36e4d3b5d2,949da59a2b0bede5324bad63ce12596216f6138239b4c4e34fd9ba9016a1279d,A fulfills the literal minimum of an agreement and treats B's broader expectation as a new request.,internal-editorial-rewrite,False,False
D48,D48-single-a,34,35,a8b9e94f7b249cd982188fb9dddcb947d10077455ffca674a70f11017bd8433c,8780364d402d2bcea3358bfd33a631e20d3972b98f45586ee5f9fa75c0eb2d5f,A turns a small repair into a progressively larger intervention through a consistent chain of supposed dependencies.,internal-editorial-rewrite,False,False
D48,D48-single-b,34,32,d7f13ecd6bda5714902ca61c1a2fd25ea81c263e2d2cf6f47a881efa9d74f2a4,1eae7082fa65bd6ee87ad0a4488f9c5233415b5e4e028b7592f172ce41cd04ee,A turns a small repair into a progressively larger intervention through a consistent chain of supposed dependencies.,internal-editorial-rewrite,False,False
D49,D49-single-a,32,33,b1bd7eaec1ba7a4e07e4caa31a0e68c2e623b347f8924b0dc6a26c13e6cc14e8,3199337365166f3a0219ee0eff4fb1db8741988f452ac1fe1ef671a1d10ef1c3,A secures help by inventing a subordinate role and preserves the hierarchy when B proposes equality.,internal-editorial-rewrite,False,False
D49,D49-single-b,30,32,6bc5bbe61aeb6767c905187ed65e9bfce2e278f1ce68afbe600fa9ff71082c95,fe0791d24cc318c8747d6ef627c6f8f13d632502a7964625d73f8c66bf262c62,A secures help by inventing a subordinate role and preserves the hierarchy when B proposes equality.,internal-editorial-rewrite,False,False
D50,D50-single-a,37,34,09260ba319104355201f894bcface0e787ead78260f93374c9e259637667bc86,59105de968b77719b07df6e270f0307c20f467a4f31722c7e3f0b8e95bcf93cb,"A treats a normal departure as a release they personally grant, continually redefining when that release applies.",internal-editorial-rewrite,False,False
D50,D50-single-b,35,30,54eac4ad435b7ceef97588187fabec5bad4fdf53fad9af5baf94385c4d953422,0978a5a424b1936b33055b18cea4a29885d4bc5b8c483b4ffd7a1c6eb6b34361,"A treats a normal departure as a release they personally grant, continually redefining when that release applies.",internal-editorial-rewrite,False,False
D51,D51-single-a,30,35,9f874bb10927b803af2803e94708af0eb689284c3a796ac0e335a13bc52b394e,880082f644a2b5dacf2c3c5ff042cab843ab0cc33b266b71474e1d5507ddc1ec,A redirects apology away from the practical incident toward the affront to A's rank.,internal-editorial-rewrite,False,False
D51,D51-single-b,33,35,a67374e8b188c2051bc9467dbcfc85f1225817485f3e1b091c4cd72d6192ff3c,a59a205aab91d0373411e6806bc30b1d6d7e2aad5faeafae6662af3c5d1fa09e,A redirects apology away from the practical incident toward the affront to A's rank.,internal-editorial-rewrite,False,False
D52,D52-single-a,33,34,6a941be6efb1de0563c826d11096a9268da7851c835847f9105f3828ff5fa580,806d35f82c57b9f4d7b5c7ad7efc4d7a67dc784c1a0c0f6644a9c83d7f3c4771,A seeks support in a public durable form that will survive later disagreement.,internal-editorial-rewrite,False,False
D52,D52-single-b,34,40,fcc7206bb1d7938d3ae162bd59130bc2f24ab634ceefbffb51d201311e6e90b6,7c79063738776f6feee5204592d103477f9e047d990ef10ad03efde2d0e30459,A seeks support in a public durable form that will survive later disagreement.,internal-editorial-rewrite,False,False
D53,D53-single-a,30,35,531684ead83e2eb1464b90183d01fc6775fb27d46f2818a92ae527a711bbdef7,c7382d4883a6aed89588b843800f944f006bb3139f12d7102d814458aced36a7,"An unwanted task is assigned as proof of junior rank, and every objection is reframed as a developmental duty.",internal-editorial-rewrite,False,False
D53,D53-single-b,34,32,ecd4488f56486df143a5af5ab055b0eddedc0165a4e08ccc8c2bc776abe4d8bc,adc848b2e573ce5c0291cb1f8d2504965f33f93461269546384b9d1bb1081327,"An unwanted task is assigned as proof of junior rank, and every objection is reframed as a developmental duty.",internal-editorial-rewrite,False,False
D54,D54-single-a,27,31,fdac6f76c2237bb0656927718b43e5a5e303b4ab14ef12da7fa8b46ee509e780,c4aad87a542339838e95fbd307cffcbe8a414665dfcb5ad91a8fb1f50972ec8c,A follows authority past titles to the person who can actually stop or reverse the decision.,internal-editorial-rewrite,False,False
D54,D54-single-b,29,30,0717ba60583718ab4a8cffe47b42b673eeb5e3ca1076943beb54e2b0f9fc8f6a,3940aa6aced06363d8e59197f0157dc92e51e5bfa451a165dedd36598e1f7e67,A follows authority past titles to the person who can actually stop or reverse the decision.,internal-editorial-rewrite,False,False
D55,D55-single-a,39,31,d9f2094f01a3f694669bd8f282281fe7e89d78a9512844470fb41e249b8601be,7e07eb644f8eba864370904428b677a0ed94021688bcd6c795bb69ee9c25d5d5,"A builds visible support before agreement is settled, bargaining down from endorsement to appearance.",internal-editorial-rewrite,False,False
D55,D55-single-b,35,30,e5487357796c01287023f234cfc52440539ddc7158b87155252b5099b46ab024,0b60ec9a9904a38c575bf04b34dfc85ffc9a0c258786a53f9ff1e38866afcac0,"A builds visible support before agreement is settled, bargaining down from endorsement to appearance.",internal-editorial-rewrite,False,False
D56,D56-single-a,35,35,1777473beb8ff65b491bd6b7c2680b278f16f9356c841660dbd7d1e679b4a217,9037f333c6a828d30079ca830cfa6800519ccfaf9fb86024d471b9c135fa89bc,A recruits a proxy challenge and carefully negotiates how visible their own support will be.,internal-editorial-rewrite,False,False
D56,D56-single-b,35,34,dff85c1af3c13ca3cb9bf6ebd30b36705e87db1f3596ea3e17cdee6dc86be15a,41fdef24d22248a9146f4b2dd6ab651cb060114a722c616222071f837a045e87,A recruits a proxy challenge and carefully negotiates how visible their own support will be.,internal-editorial-rewrite,False,False
D57,D57-single-a,32,24,8ef11e4c6bb460cc04d5d707e4ed08f447794e90aab09d41075c1d72e0bd63a6,290b479a7bfc506f169b849f07c4bb0253c9d3094566dbd33f23d899ca296565,A insists on a specific courtesy and escalates from a missed word to a visible status marker.,internal-editorial-rewrite,False,False
D57,D57-single-b,31,30,f2a5b9924ede8c7bf5b2fe670e50cc1bcb8575a086078fddf99e7709cb38f9e9,224b086d31e315c52058cdd1641c52187487dcdad3fad6c22317cf96dd7e92b5,A insists on a specific courtesy and escalates from a missed word to a visible status marker.,internal-editorial-rewrite,False,False
D58,D58-single-a,29,33,7b76a051343ea4ae932ff506ecf00b4c3242e4a131dd62ffd5841f6a45c12cd9,7a74d992d20d0089da8e060fa4eff5eca798853f39590bb5c31433193425eea8,A turns partial agreement or neutrality into a demand to choose whose authority to support.,internal-editorial-rewrite,False,False
D58,D58-single-b,29,25,2f162b6a1583b3830335cad042341221bcb5716b989c5ca4a41cb97f1eef0b6c,d058cb052aab617283dfd1ca9420372a4fb013ee0795dd999b1409d32fbaae03,A turns partial agreement or neutrality into a demand to choose whose authority to support.,internal-editorial-rewrite,False,False
D59,D59-single-a,35,32,1fa429b3fca9aaf3a36d9d6197d17dd39c6949659309488349c5b105706723dd,1e8d0911d7528738fe6065c9fa5e530b5970f1e382fb47b6e51e14ec7e6de907,Trivial tasks become increasingly inconvenient tests of obedience; A refuses to supply a practical reason.,internal-editorial-rewrite,False,False
D59,D59-single-b,37,29,bf1e8f3730bafd4617e67f43a9aaf494ad29128824dd5c8f8ab07475befcd1fc,b42f02c93597542a773ec7f533ae67f1683994bef2547d5baedca01f0fa9fd21,Trivial tasks become increasingly inconvenient tests of obedience; A refuses to supply a practical reason.,internal-editorial-rewrite,False,False
D60,D60-single-a,38,38,bf7708eabbaed85b7a4c0f6f9845c683ec08c32577c38e974d5a678e0a7c4c86,55a7869a64daafa6b358a25befb7617b2b8111e165b7f93ddcb2c7608d3e19f1,"A seeks a public transfer of decision-making, not merely possession of a useful object.",internal-editorial-rewrite,False,False
D60,D60-single-b,34,31,95d66b3b2e0756ed3f319e1f598b14aef10576d01566151bb07553b14aaf94e6,23871d43299feac08a441d8a39cbcf06f0f6069412b274ea5f3254d3672af364,"A seeks a public transfer of decision-making, not merely possession of a useful object.",internal-editorial-rewrite,False,False
D61,D61-single-a,37,41,8949ca95a3dae83261cb5ce64d1bdd11812f4044ec4d3e0522e6718964527b39,c7c0d3c037ce3a1f08a67e8e789d419671b4462ecdd47fea67a5fdfc1009f482,A conceals their original instruction while steering the response with suspiciously precise knowledge.,internal-editorial-rewrite,False,False
D61,D61-single-b,37,37,6af66beb601da3ae4664f62fc0ef2a9e8a2445b629d8e9da8c1051041cc3e056,412f11e0a82bdfc7200dee25b85dd447cba91b0c1c6cc85e8792fc2980532e5e,A conceals their original instruction while steering the response with suspiciously precise knowledge.,internal-editorial-rewrite,False,False
D62,D62-single-a,27,30,442fcd1f192ccb131bf9ed0cf10f1542ebac0b41168b4a7974bb608a606cf1de,9f30595fa694b67b550c2761bc71844b991dbf4a22f61b50ac10018d30c1e69a,A diverts scrutiny from the source of authority into urgent work under that authority.,internal-editorial-rewrite,False,False
D62,D62-single-b,38,28,95bb150cdbe48b959c4c7a6b0913bd5de070af6be9e5575c693b349b1ac083ea,d9291b41f4053c1c790a556cbd314142fb0ececec6d66305b2a1b574f41b2e51,A diverts scrutiny from the source of authority into urgent work under that authority.,internal-editorial-rewrite,False,False
D63,D63-single-a,30,31,cb9868f5e9b257bea4e4f441178f88f35c770cc6b1f2b52738743946582c2687,ccfbc14cb6d8830c753c409358cbf5f33d02c8cf8f98dfb5e560763f8c64d010,A withholds destabilising information to preserve collective function rather than personal innocence.,internal-editorial-rewrite,False,False
D63,D63-single-b,30,36,41981030b9ce976e85f5f488546be5bec235feaebd533f7ca7218e51bc9ec5a3,c6c0472d5132ed54387a3c08ec0b9b8fbd4e4d3036d4bc52ca96c10f6d203fa6,A withholds destabilising information to preserve collective function rather than personal innocence.,internal-editorial-rewrite,False,False
D64,D64-single-a,32,30,06e474524f0a644a028cf853a11c72c07c23f324108cf2c5d9087fad1e6cf29f,ef159a3a7432bb375bda44310aef7aa7f51097bd30c80a5baa11fa919850913a,"A seeks the coalition behind a decision, using specific accountability questions to reveal backers.",internal-editorial-rewrite,False,False
D64,D64-single-b,32,33,eff9cd23ae01af2dc14970e4a80ef298d33ae8c6490d3bf2f349d3728d5ac442,1c1eb90b00c5f0ea0a51b7b215cb67874c76791a67c8bc440193966baafb5f38,"A seeks the coalition behind a decision, using specific accountability questions to reveal backers.",internal-editorial-rewrite,False,False
D65,D65-single-a,33,29,2cb769009bfd9038ab3916e931a17b97b1a4cd36928361ac1436b9591c441a93,0bded5c503b53538a661e93221cd9c6b0c23bd166dbc76ea0372f8e8fbb8ecbd,A describes an actual loss as voluntary strategic generosity and reframes each visible setback as chosen space.,internal-editorial-rewrite,False,False
D65,D65-single-b,25,26,7ac13c844b165b684bd03f1fd61a37ea3b357508c1d005a8af4440c85347fd6c,6b0f5ed076c18b9a5b419f808b0996a468c271c258766582e1f82178c639f8af,A describes an actual loss as voluntary strategic generosity and reframes each visible setback as chosen space.,internal-editorial-rewrite,False,False
D66,D66-single-a,32,28,f73ee57afc3642da04d8426e6c72ed44936db7d0e47adf6e16f1617b6d2bf454,2af1a509379b9338be1157dc820910d3c923a6f53273b2fe6570c7731a81758f,A behaves as though authorization is settled and treats missing evidence as an advanced form of approval.,internal-editorial-rewrite,False,False
D66,D66-single-b,27,30,3e42b860d61f19aea81f1f0f614efaf8aaca6c20ee1da2157c40a396f1977170,0494f498281689d6ea59016a0ceead4b41dd3bb54a1bd6c2a49781a4cd16b941,A behaves as though authorization is settled and treats missing evidence as an advanced form of approval.,internal-editorial-rewrite,False,False
D67,D67-single-a,31,31,4056f32640408d5d1c0594a2a442ed3e224be5cee656891d2ec252e0b3d3f274,9f8149d75c2c7c189508bd2627e2a4d061cf57d0e4c6dd7391197ce9a83e4433,A ranks each new contribution so their own work moves toward the top.,internal-editorial-rewrite,False,False
D67,D67-single-b,33,35,09f34e524ee8121b3423c89474be6c41dfdf15540f042cf9a9ba7228f17d757f,a3037a0292c7998c31a1af718ea9564886340c767f8070cabee708335bab9274,A ranks each new contribution so their own work moves toward the top.,internal-editorial-rewrite,False,False
D68,D68-single-a,34,36,c68fe04615e9abc0c2374f0d758974d4e1f34b595ea6249a56ec2d2d9e73ade5,d73cbfcea319619591831d00dedc0dce61bb69da42043e935270e1e0ae8f0f60,Each added burden or loss is celebrated as evidence of growing influence.,internal-editorial-rewrite,False,False
D68,D68-single-b,28,27,a4a53c5d39aa5d8220123c9b34d239b824b6737ebf329c4cb522a817f57ca825,bfb7f7a718c2bb8ebc95e89d7e5dc84c2e6017efbd164f95916fd09e2079225f,Each added burden or loss is celebrated as evidence of growing influence.,internal-editorial-rewrite,False,False
D69,D69-single-a,36,40,64a0084be49e49c04390d1d137fb45f620b2d6b998607466dd55490f013f66a3,409d266ac16208001a1437243b1471123c3a3dfc7ba5e7399b27d41c5dcc54ed,Warm appreciation accompanies shrinking options until disagreement itself is reframed as helpful cooperation.,internal-editorial-rewrite,False,False
D69,D69-single-b,31,33,51fe424bc7285128a53ac9b2249f527a5a7d5dd8db64f183dfe3269714c8ee1f,3e0d1786103beab78808615fdea22857532ed0a0f5a16474477d58819875528c,Warm appreciation accompanies shrinking options until disagreement itself is reframed as helpful cooperation.,internal-editorial-rewrite,False,False
D70,D70-single-a,35,36,4289d99fe3764bf2ffe1bf0580b7101fb3ba34c8c9927090de07616942f1c5c8,3c43ea3e0e9ce864e101646ca345700582d1557f601ec3ff5d766ec35b179a84,"A prices access or information as a future obligation, making the exchange concrete.",internal-editorial-rewrite,False,False
D70,D70-single-b,33,34,f8a9947f6a1e5ac0191ca3da7f513bf83fd865609cd633410fba6a7918e17507,0b398a5a76be3954db3fe32da5f2fa5fd38ae774133fbcd26bde6f39b09faf7b,"A prices access or information as a future obligation, making the exchange concrete.",internal-editorial-rewrite,False,False
D71,D71-single-a,35,38,27f25aa573f9810fb3261c0303a0ce6f5bc4ecea1fa629a41c32b5b71960ea28,a2ea2c3c8c22c5b88ee1452a5898699c7ca2f7db5a46bc80cac92cf5ff8fcd5d,A converts limited agreement into consent to leadership while downplaying explicit objections.,internal-editorial-rewrite,False,False
D71,D71-single-b,32,36,75e1ace26051be8d6ca8fec66dcb66634372f2333c679784ecc33180b05123fc,edcdf957115e00218d0aaf0e28868de148d8380c373863df4ffcc0b2da81253f,A converts limited agreement into consent to leadership while downplaying explicit objections.,internal-editorial-rewrite,False,False
D72,D72-single-a,34,35,e8a2f298abbffc58d74739775ba1264804a649fb4ef448d36cc9fd044a7e585e,788ccd72c5746b8655c028d641b6c2a4ea2e29e6f34d102f4c9ca156eb8aa8f8,Every practical connection becomes grounds to expand A's control into a new area.,internal-editorial-rewrite,False,False
D72,D72-single-b,34,34,8c0ff35325167ada96a28b8896a63b2983bcba59dc4009d9fc2e2396f411e8d9,b8fc07756f38d5f679ade2e97c5bf6e29777f06b3f93d38fd1072519ef9a4f78,Every practical connection becomes grounds to expand A's control into a new area.,internal-editorial-rewrite,False,False
D73,D73-single-a,34,36,dc37d80aa0174e1efd5e4470ec594b0705bde67455d41e5d805c6410c968f0e4,19de6ac06cedd49c718368ef7233027b5baeef0dcb6a99c45ef91ccf594335f2,A seeks practical participation as evidence that the connection matters; competence is secondary to presence.,internal-editorial-rewrite,False,False
D73,D73-single-b,34,38,155c645ac945f8d7dd25df218525419e9b04fd27c5b9dc482ed8fbac2f2e0c03,fb51f7f139d18011b0ea9585e07b437a2c6f37a8c8fc7f3472c1d58c1bc49ae2,A seeks practical participation as evidence that the connection matters; competence is secondary to presence.,internal-editorial-rewrite,False,False
D74,D74-single-a,31,35,e82016714fcf5229af8a1b84966ee14072fad597ba04d5db697ddfa4d513e78e,63e668cb29f2aa87eb9981164b12237328dc39dc5b6a59e29158a67367e4fd54,"Once the practical task ends, A makes the unresolved relationship the reason the encounter cannot conclude.",internal-editorial-rewrite,False,False
D74,D74-single-b,35,35,7960fc19cc7b54a18f65a91763d9e902ab02fe8b74ac5fed8f62b3de0ebe2ef3,7a3ec7282e755f257fe6bebc81604ea6f976e420729447bbfb17429bee855eaf,"Once the practical task ends, A makes the unresolved relationship the reason the encounter cannot conclude.",internal-editorial-rewrite,False,False
D75,D75-single-a,33,41,ae508645039b9e24ab4948e791ecedd878241b512048974cb3a8af7760b214f3,21bd0354540522aab22d3a231ff18615f50986bff19baabf9b6e39898b17e6a2,"A asks B to acknowledge a specific emotional experience, not merely explain the event or offer a generic apology.",internal-editorial-rewrite,False,False
D75,D75-single-b,34,36,0796ebe57f040bf739561666b5b5fa87b820eba7f264e0e6b8db151fa7a39d0e,aaa74bd875eef0ebf9ed0079d44b0729dd68b0732bab3ba75f12fd8ddcc8cd00,"A asks B to acknowledge a specific emotional experience, not merely explain the event or offer a generic apology.",internal-editorial-rewrite,False,False
D76,D76-single-a,33,36,6b2e2e21aeece7cb644de5844b7c802f05eedf9f3c8893e0aab5e622ad03522b,f677f3addaf43851b293f9b831ea0cc2474a03c0f4ca9c50f96799b75fab0be0,A already has practical permission but cannot celebrate without a particular person's emotional endorsement.,internal-editorial-rewrite,False,False
D76,D76-single-b,35,32,ebc8572b302594bddfbe480530cf496cc28d32b709e0afb312aeb9f4b17ae404,92c47f0ac6459c4e274a6537fbd7796db763f84c856fc773d60da3bb9430c943,A already has practical permission but cannot celebrate without a particular person's emotional endorsement.,internal-editorial-rewrite,False,False
D77,D77-single-a,39,33,cb68e5e8b7c3aea22f5732b6c76bafe944b70bac44a3ab457b31333fdda6ed23,b882274d2fabcad132fa3f13bb5ec46affcb2a2b6a2b6746c202bb2548be1201,"A makes sharing a concrete burden part of belonging in the relationship, without requiring expertise.",internal-editorial-rewrite,False,False
D77,D77-single-b,34,34,f170dbaa8f96474f50d0c0cac40b0740d256ec7329cd305ec4dec630f46bd960,38ecf764d58da4b501948e840d0fc6282cca75757b820fe1cd1daa162dcf153b,"A makes sharing a concrete burden part of belonging in the relationship, without requiring expertise.",internal-editorial-rewrite,False,False
D78,D78-single-a,33,33,21c8c408e1874f94ff382fa886546839080753e3bc16550a4e13cb3747d15266,0043d387fd965e331460d0e05110b6e427265b7201348459f5c1471c4a7ae34e,An ordinary labeling or seating choice indirectly tests how B defines the relationship.,internal-editorial-rewrite,False,False
D78,D78-single-b,35,37,778a49d69c4136a8dbf28a2c8b8f2929781b6c597aed706d4a1a45f4fd9ae42e,252475097cb973ff5c3467630ecf8a75859c94923e1fe35b83013a574e4b7a8d,An ordinary labeling or seating choice indirectly tests how B defines the relationship.,internal-editorial-rewrite,False,False
D79,D79-single-a,32,38,293ae45a675ff974110255d33895c31f4c50f263441d5967a32e2e07dc3ee689,0161d95897aa992e2afa4764b1b23ff914b5b18d1b5383be965df52440729f41,A recruits an ally's account of a shared conflict and bargains over which parts are voiced publicly.,internal-editorial-rewrite,False,False
D79,D79-single-b,34,30,56523c88b4958e0d2231ff73303a4e3289938fd9bd1303b60887e64e3a4fd954,abfc901954001e955358a2676096de4de6efe2309aef4410ff2ff4ec168232ab,A recruits an ally's account of a shared conflict and bargains over which parts are voiced publicly.,internal-editorial-rewrite,False,False
D80,D80-single-a,31,36,2d1f03e21c274dc4c8fe71a2c770feaaf62c50ae6e4db00444e6d45c12763bb3,b59be58be63701f2c9d616e36a81764be84aa8ae3b1439f8680d024d928baaad,"A invites a specific social or emotional risk as evidence of closeness, leaving B room to negotiate.",internal-editorial-rewrite,False,False
D80,D80-single-b,32,35,7424c99e5c7a1cbc34f5b0713125949a2971cd6e9bc52f2066a4f3d4dde5d51f,846dcad133541d6c90d0099cb11ba46d5b80bba104e578ae7bac20d8dedcccef,"A invites a specific social or emotional risk as evidence of closeness, leaving B room to negotiate.",internal-editorial-rewrite,False,False
D81,D81-single-a,31,36,4377df07da860b102ba2481572c7f2ffd66d8e79e06026bee74ff444fea985f3,0647a2b1ae01f774449ead7ed5289b641cb06163c4fb01e33e3c79d58906c20e,A asks for explicit acknowledgment before an object or history is dismissed as incidental.,internal-editorial-rewrite,False,False
D81,D81-single-b,35,36,64e8c405e959480d03b1e7288aa608f1c1005be4c772994af93a681ae6d4f329,5692c65f19538ca8bf08f681729f03ab30d84b352142c414d59dbe395ecf87a6,A asks for explicit acknowledgment before an object or history is dismissed as incidental.,internal-editorial-rewrite,False,False
D82,D82-single-a,32,34,9a0fc36165795439f9445d510c04e14b364d5af5e031a49526dbc1bbd6b6093a,42dc4b76a93de2bf29a37f86a6a8b09fae047ec9a2e43f9d93b5209c730ba3d8,A asks B to choose the relationship over a genuinely competing claim rather than merely find convenient time.,internal-editorial-rewrite,False,False
D82,D82-single-b,30,34,8a8a4229f3dadf2ed85878fe77a0ee7ec391e54d52f97c96d396667f81441598,007465bc301196f80451ed47ce387b7e1137c7366cf2591242213053c7f56abe,A asks B to choose the relationship over a genuinely competing claim rather than merely find convenient time.,internal-editorial-rewrite,False,False
D83,D83-single-a,34,31,0a3e3b710df4e3d301948c6f0b18ff4d11bb9fbbefa9fd50588e6c144e159ec3,f3c1705f1867cdb87811b04353fdd145785b8165845568e80bc77bf1672c05c5,"A quietly tests remembered preferences or history, then makes the missed detail emotionally significant.",internal-editorial-rewrite,False,False
D83,D83-single-b,32,34,74dd1d2f64ca95b7b1bcdb9cb7d5eed0a5c170b260163cb932b2447d545f33db,5c0875e1c45e19072f68eb61fbaa45057848e804c54e58f81bc529214d40c05c,"A quietly tests remembered preferences or history, then makes the missed detail emotionally significant.",internal-editorial-rewrite,False,False
D84,D84-single-a,37,45,785477d68b4b0287c073191cbef0de81b30d39e6155abae8a2673e6cc51ab82a,d955b2fe1f6fba0d3f9e54b0dbb0652bd59f0d03cd98684730eaf1f2393987e6,A asks for release of a continuing claim while allowing the memory itself to remain.,internal-editorial-rewrite,False,False
D84,D84-single-b,40,42,18bfe6d551ccaa46db5936b0d084ea638c0705346dc73deef9a79e5ffb4103ea,64bfbbe3c7c29d5a7260e4e28f30f0d2a401b5c309b104636e9a2ef90e778876,A asks for release of a continuing claim while allowing the memory itself to remain.,internal-editorial-rewrite,False,False
D85,D85-single-a,32,34,f000958e7f6737aa1424d34c9c8b230a1fee2d0730dd52e79451c5772c092f0b,b77563ba84a5832a5551d9ca5e4e225f2e170fc53c0d3474d2eef877a824a9f2,A urgently repairs a distance they caused while trying to conceal their initiating role.,internal-editorial-rewrite,False,False
D85,D85-single-b,41,41,7f72dc9ad8e7ac3faee44d2ffe4f91fb77f29d960b1ab16b6ada2ba3b23ccbef,c24fa4901b6c00ecc908f35c736f509fda8531b22beb4fa4877776dad47f6f15,A urgently repairs a distance they caused while trying to conceal their initiating role.,internal-editorial-rewrite,False,False
D86,D86-single-a,36,37,37ff204336a302d194dd11b046def605c077d7fbe24a341dc5b1fabb073b114a,71ab3d48045c14fdfcded36d74a34d784c5d69dc0d3104d38ee0b7b5f9e47b8d,A protects the true cause of distance by returning to concrete cheerful details of the shared past.,internal-editorial-rewrite,False,False
D86,D86-single-b,31,36,31775c770524a055f300d8c30e275b4231e1a0fe3503d91f8caacf5ee6e88981,8aeb6c4acb4b6f3c82d6dd02d2a885a6ca0e403a8a43c9a2fc741c09626f0ce2,A protects the true cause of distance by returning to concrete cheerful details of the shared past.,internal-editorial-rewrite,False,False
D87,D87-single-a,29,37,2a22cfd33306bf018e626eb1101ecf25175958220047e301c25183a7a814091f,82d545a3e768790d2f1ef13456cf540140e220a83562db1fc7a09c1861ae90f8,A hides new conflict-provoking information specifically to preserve a fragile peace.,internal-editorial-rewrite,False,False
D87,D87-single-b,35,39,3529917a0efc53f70b60cf28031a099ba02a802425ccefc4a1cfc88fe6794ec7,851b2ddcbf337ec6eb7f3f46282414d18e125fd1bb0e039fa4262c7cc2dbf1db,A hides new conflict-provoking information specifically to preserve a fragile peace.,internal-editorial-rewrite,False,False
D88,D88-single-a,28,36,99297eaeaffed2851116e52791fddf1a64ad57847de43074f055f62264fcbf29,7341b0ffc347aec2d102e35bb75d8b6c60827acd82ec4b378fb647b139799ae4,"A elicits B's attachment before risking their own disclosure, using concrete evidence of absence.",internal-editorial-rewrite,False,False
D88,D88-single-b,35,35,3a28688bc430819da13c2bd4b0cf987c703fab045d1e1be0b493e48fa41412d1,d454ee5447ccf7a30de014bd68ac87a7e428fa29700f5149844931a6a3d2f399,"A elicits B's attachment before risking their own disclosure, using concrete evidence of absence.",internal-editorial-rewrite,False,False
D89,D89-single-a,38,31,ddc3ff454146bb357dab11d4dcf843524820361d01346f291ff920f47d574ebd,e927ac5b646805f6bd2305e678bafb9146f91ab36a75d0f3ab4b69f53823e685,A frames a real rupture as a useful or healthy separation and turns B's evidence into its supposed benefit.,internal-editorial-rewrite,False,False
D89,D89-single-b,30,26,7d87686c943ffe45d62bb2c4d325a838a88d982ce04fab69489bcd0117c39dd2,d4c93f50e1cc5d987d6434cbf2188952d0eca11549307db2f2529180432e1574,A frames a real rupture as a useful or healthy separation and turns B's evidence into its supposed benefit.,internal-editorial-rewrite,False,False
D90,D90-single-a,35,35,a3da27a88190fccb3dd202dba326c179bc780d1dbe2216af4c6eab78616ba263,806728f9dfdce8aff0ec538b4010ebbfe5f0f54d757a9b1b7451a2499aceef33,A improvises a repair procedure while presenting each spontaneous step as part of a confident method.,internal-editorial-rewrite,False,False
D90,D90-single-b,35,32,b508f25a2fbd7f979694e14b1a47aadd9ea49fe54b0e1fba7b3c0b7dc27298f5,9e3a214d67f6a2a6271e4b2cfb10112cb8ba5b161737c4b6fbe749fa028b5257,A improvises a repair procedure while presenting each spontaneous step as part of a confident method.,internal-editorial-rewrite,False,False
D91,D91-single-a,31,33,47d3c7268b459439674b53191d93f4c900567286f2e80d6a0d78390fb0492a94,47c3dcbc4b244077c5666b1b482c35454de28376e14dd3d8a0f96827a0f6b945,"Care becomes a competition in measurable sacrifice or memory, with A refusing shared credit.",internal-editorial-rewrite,False,False
D91,D91-single-b,33,39,3dad058f18e6bf440da1362b88e5236da306a149a64cd296a844ca5358a99c3b,ccec35bf460b06424b2dc78f8cad55d4f6b7b90e8584071372dd6e35b55efa87,"Care becomes a competition in measurable sacrifice or memory, with A refusing shared credit.",internal-editorial-rewrite,False,False
D92,D92-single-a,31,31,23b6a62b2cbee3bd85ab7d273d089c2addae77b922c9dd3770603910cd2af781,caecf46281b5f9ec7b0547e47033107b7c507b91594c66d59bf55bf9f2ee9bf9,A treats awkwardness or disappointment itself as evidence of continuing connection and heightens hope.,internal-editorial-rewrite,False,False
D92,D92-single-b,31,37,38f1becfce75503bcb692042e9bf4191de3883b1025cd9f9fee4775c15653953,c7bb8e07a2239341bd598b413a8a1d8265ca8d5a2ae12b499d773005413504c6,A treats awkwardness or disappointment itself as evidence of continuing connection and heightens hope.,internal-editorial-rewrite,False,False
D93,D93-single-a,30,39,3899cfb3b90f749b379ae46fca6f22748e43419c301871862fdd8a1621f97ba4,194535a5473045309647a1b3f832cb76f32da5c87d6a76d3e6724575d487fe1c,Familiar care carries a pointed old grievance; the service continues while resentment sharpens.,internal-editorial-rewrite,False,False
D93,D93-single-b,30,33,d6703ec18cf77e73e80d8d8b08ca328485498ac17170955e6d3c84014bfeb092,879b709a02e7b2452226b8e8c882a641e77fc9bd5fe92b74c0271df98abe3c04,Familiar care carries a pointed old grievance; the service continues while resentment sharpens.,internal-editorial-rewrite,False,False
D94,D94-single-a,33,38,7fb76c91a8da1ad556f811bb295506d29b63bd7b97959b8045ea6c9fc493d28a,4132bb2a79253ab6bed0b5f4d91af7a54f56375620019fa285d3c9bcc60b7030,Forgiveness and closeness are traded for concrete future loyalty; A negotiates the conditions rather than simply reconnecting.,internal-editorial-rewrite,False,False
D94,D94-single-b,36,36,56a3aabb6002c597190bb7e180820fb274448328fa6326773541766723b8ae60,4d0115d5f39a18714ffd2fbe07c7c572071f9946aac649562626a960bb7cbfcb,Forgiveness and closeness are traded for concrete future loyalty; A negotiates the conditions rather than simply reconnecting.,internal-editorial-rewrite,False,False
D95,D95-single-a,36,41,0f449aae72d9227e24bb522d27569c182e08c8c0c7f8159450bcbacdb47c904b,f18d87a2e35f33728e07549cb0ccde7b3c02165af167ba944652e0f3f2fa5d82,A agrees to closeness but redraws its boundaries for personal convenience.,internal-editorial-rewrite,False,False
D95,D95-single-b,38,40,f7f7a4c2e344639e51a9201abaad7eefd75ebb865950182a41e2cd210e7c3724,554deb35233d93fb5fa065c8c4f064ba99f5907283cd7abf7320b7464998639d,A agrees to closeness but redraws its boundaries for personal convenience.,internal-editorial-rewrite,False,False
D96,D96-single-a,36,33,c9bd050d7ba70276d2bbd125d42f52e13199b129924063357282a2d94578c040,022ed9e5db47928bcf987ef2e9a116cb0fb9f06cb2eeb6eb9c64ef59d2fa5188,A maps a new disagreement onto a recurring relationship pattern and changes the consequences rather than just repeating the accusation.,internal-editorial-rewrite,False,False
D96,D96-single-b,35,34,5c11ebc09d96bb857c75c6b0772f617c61f8ecf237642011ef61cb8b563b7dac,74c34168a38ee5f1f5a4d4df5b48e19d5779cfb6356faa5ec8efc4121f7b15b9,A maps a new disagreement onto a recurring relationship pattern and changes the consequences rather than just repeating the accusation.,internal-editorial-rewrite,False,False
D97,D97-single-a,35,40,1be9385ea497b6612fedf419db3bcdae50a93b4f76205498993c09a70314dfd6,ea2e07206cffcf73febf4d4f95e6cbdf72e14a407274fbffb69215e16166bdcf,A asks for one concrete piece of support while avoiding an explanation of the whole emotional burden.,internal-editorial-rewrite,False,False
D97,D97-single-b,39,35,660a838f9ccfa24b24b08deec6782245f8f8fdc06dfb96a389f5ae10f8e0b6a7,44eab7582a05adf50e9ecf4fa723b6cf749fdc9c895370a6d217d8584747b153,A asks for one concrete piece of support while avoiding an explanation of the whole emotional burden.,internal-editorial-rewrite,False,False
D98,D98-single-a,33,37,c1e22aff3249941add903ecb787fa94784085302f4bb9f75ba9933e09e6ea4ae,320cc7262d2d0895e45de39aa0066d6040779efefb85b409e7312ca791edd4e9,"A delays separation until steadier, measuring the additional time in small concrete units.",internal-editorial-rewrite,False,False
D98,D98-single-b,35,33,6bee12e2ac60655bee674ee79d0fb84388b880bd563ee709c2f0e46e6e947a8a,1c45f990c38c8cd9b2ee2f1dea33c956fad76d4920ebc77b6bdebc73085c8429,"A delays separation until steadier, measuring the additional time in small concrete units.",internal-editorial-rewrite,False,False
D99,D99-single-a,36,44,2a50b71b1788c231964fea83b3a82cce01fd38f69683da6f62e1a75176336888,3459170f1f871574fb7c8f3406709e5811ad9fc7d50643e882fbb03944972e76,A asks B to understand the emotional meaning of a specific action rather than its practical cause.,internal-editorial-rewrite,False,False
D99,D99-single-b,35,31,2b6e9525040dad90f814153e8a2ce80bcbfb5c6b6fddf90ea35ebd4fcacfe721,0f165f7aafe01f02b8d639ab1184c3e1f7f8ba084899cf0e334fe85611ebce1c,A asks B to understand the emotional meaning of a specific action rather than its practical cause.,internal-editorial-rewrite,False,False
D100,D100-single-a,31,39,bebfa78df5f90138446bb22ed309c1b218315193977702504e786caef8c9fa2d,ddcbc7b7840dc7a3ae77ca3a74393d00fdee752398fd07c07021425bcea0637e,A seeks reassurance that a limited effort counts before being redirected to improvement.,internal-editorial-rewrite,False,False
D100,D100-single-b,39,36,0b8b288861fc7c726f5a5877f90cf528b996a368646ef7fda44f604fbbb32d8a,0e1b26e05d4b4e8b3dd0e86e8c643ddfb9f7c77002054e18f01a7d784e2189cc,A seeks reassurance that a limited effort counts before being redirected to improvement.,internal-editorial-rewrite,False,False
D101,D101-single-a,33,36,053cd34f01afccfab2addb5a9b91ed811fe9708b7bf007ab755ddaeca0bf2d16,6c628095b057aad5c23390e484b41233482d0787f52cbbd031c28ad95cc24303,A gives someone else the emotionally difficult opening and volunteers for safe follow-up work.,internal-editorial-rewrite,False,False
D101,D101-single-b,37,40,5ed63920574d188268570e0cf39561188af7058702d0515d9d041b79ab89053f,a49004b6db674a56972fcca3d41d6757a4af868fda98abc08c8e3b86859296fa,A gives someone else the emotionally difficult opening and volunteers for safe follow-up work.,internal-editorial-rewrite,False,False
D102,D102-single-a,30,34,7e4d63cf40b21f7d66817deb1f1d9914beafd5acac136c12c8fb0b54e9490887,63324816a4b2b23fb58a92f28fac80009e4ac3273fa0f8cdac31b9e6f706a026,A treats careful phrasing as evidence of omitted material and narrows the gap B has left.,internal-editorial-rewrite,False,False
D102,D102-single-b,34,40,dbfd88fea4f6827c7d61a296161c4fd0bf1d9b3410ede53286aa1515ffe253d2,d08c69360e9082fb303c262e5d33ddbb26b92bb91046b743f3a57963b3b605cb,A treats careful phrasing as evidence of omitted material and narrows the gap B has left.,internal-editorial-rewrite,False,False
D103,D103-single-a,37,37,05b90410f5963e89937ff80e478da33f1490ef6c08d34e5fd7a99e010b96dff9,e13d96ad5537e562e9fd6868f8fff2921fe8e38af495dfab900f68ca4de8b8e7,A recruits active shared hope through a small concrete act rather than declaring optimism alone.,internal-editorial-rewrite,False,False
D103,D103-single-b,34,39,941abdfdb0fa53c1a4e831c9f13e1f328eb9ec00638e36a4eb1d05fc7403bb88,a6747d1deded7f827d5214b456dc2612bfa21fd809093f7bf02a407b6df034a5,A recruits active shared hope through a small concrete act rather than declaring optimism alone.,internal-editorial-rewrite,False,False
D104,D104-single-a,37,35,f7d19555bd8aa47b7b45718b2190a52852f9a9920a2b1963e4eb13117140d438,3767baeb78f6e4f2f5c869d0b6747b378eae090f40238ac94a77d71a052997b1,A seeks another voice to name the frightening possibility before naming it themselves.,internal-editorial-rewrite,False,False
D104,D104-single-b,32,36,b3dbdd647755fde36db2f515c663bab52f3a3417dff9bd1690df6a6075e6d7a3,3e9f84b2fa3feae6c3c231f59249ef5a70372cc5091da59defc18a4f95d3dfde,A seeks another voice to name the frightening possibility before naming it themselves.,internal-editorial-rewrite,False,False
D105,D105-single-a,35,38,e3921ef235aa36c455378aa5fc1908598afa95efb3529b7253abde5ee2beac2c,37d782df17bbb51b8e76d70f1ace381abb88c97bd99da14c42e1c58c5b6a930c,"A asks B to notice restraint or courage in the actual work, not just praise the final tidy result.",internal-editorial-rewrite,False,False
D105,D105-single-b,29,32,ea441591d51d6cb757e4d56141c6f837163e8fe2e11693c2d4faab361e053c43,a3a2aaa8adf61fef9d89ea357748a3ddc957c25d63bb1f759f88c189b6d373ca,"A asks B to notice restraint or courage in the actual work, not just praise the final tidy result.",internal-editorial-rewrite,False,False
D106,D106-single-a,37,36,addd9083aec1cbaad56a7e2f835c7997168a2e2e9f9bb21497b1b8cf378de28e,dd9e99d74415621e6febf1717d2fd66176d65315c3a7f98f08d4f00cbeebec1b,"A makes a conflict between safety and a desired result explicit, requiring a choice rather than both by default.",internal-editorial-rewrite,False,False
D106,D106-single-b,35,38,76ceed53c429568355877f5ef88a3fe3a75718676ff0fec2c73682f03d709882,aabab5b93f63d479fd17de8d916ca1e60a724b904d20410d208b0f3497454634,"A makes a conflict between safety and a desired result explicit, requiring a choice rather than both by default.",internal-editorial-rewrite,False,False
D107,D107-single-a,44,39,d10af8eccb68a6344c7589c628946f4cdedb08b930fb028c470636621921dc8b,492c8f796a1f84307df88191486f704ac2d9df0973e3338312e017fa89974676,"A reveals progressively more difficult truth and uses continued presence as the test, without commanding B's response.",internal-editorial-rewrite,False,False
D107,D107-single-b,37,43,1a7db31d61dfa90c6f106b351fd34b5a9800af4279143e6ab7760e52a1ef4cd1,ec8687c7ee5c0ecd5f19c7dd682dfd15b949e07b7415c0fbf49652b8c841d269,"A reveals progressively more difficult truth and uses continued presence as the test, without commanding B's response.",internal-editorial-rewrite,False,False
D108,D108-single-a,30,42,291cc26d1ff39376e3a41fa5bd68b56dfe541db4850ac36cf72d26ed0f1235fb,0c86fd90bb90687d98c37a67a3cf38f12566c3223970f0ed994b90455283b249,A invites one manageable unguarded admission rather than demanding an emotional performance.,internal-editorial-rewrite,False,False
D108,D108-single-b,38,36,a10eb7ee2cf2cb07d7d0b76df3edba944d332d02b627a60229386664cfd59b4a,6206fa72439df925ec322765f2f15fb79ae4d35cc55de4104d2b1fbda0ff8960,A invites one manageable unguarded admission rather than demanding an emotional performance.,internal-editorial-rewrite,False,False
D109,D109-single-a,34,36,223a30b888ad2662fbb59da197843c301ef81f34431625c5eb82fa789fd4800f,f63ab22c92f1a5dcb14d4d77d55b33c5d0bd38f75f0cc162c1e6d98c2fed76d5,A helps settle alarm that their own earlier fear created while diverting attention from its origin.,internal-editorial-rewrite,False,False
D109,D109-single-b,38,31,54a3bd6e2e4758b13f8a73dda66edfbc5659af49bda1313612396eac912884e1,6f4afd4955510e06230edaf41d27241b78ba1310e8624e45a5406c4771d129fb,A helps settle alarm that their own earlier fear created while diverting attention from its origin.,internal-editorial-rewrite,False,False
D110,D110-single-a,34,30,308dd74c890dbfdc70d1370b78e61297e4d661319be45d5af4f74b159da57ac0,b4bbb31f987f17521632bb0cc92c6f9788a7f985df702954ae5a4319ee53b2a0,A stays in concrete practical details to avoid exposing the fear underneath.,internal-editorial-rewrite,False,False
D110,D110-single-b,34,33,50895c3eb9f4cf4b36b7af4c1d5c2f710698df2f5508f85174689c8bb1c405fd,0e818e83b5ed9dd550a8c0a130529867242f48959dc6688a5f769339483305d1,A stays in concrete practical details to avoid exposing the fear underneath.,internal-editorial-rewrite,False,False
D111,D111-single-a,35,40,5a7b3a6db9967dc61ea7c6a1eff07776306b1c529b1d0bcc8d55815fae489c20,f870d91132a11afc9608e20dce91c4c765158915e3a83a551ce496dcca446c40,A hides discouraging evidence to preserve another person's ability to continue hoping.,internal-editorial-rewrite,False,False
D111,D111-single-b,37,36,9ad6bc214f20f5b0eb9f10437dc149840c36a6ac011d140bd180da2716a05a44,cfa8ee7e0f4aaa98f1349735069ee3ec198be592773f7d4b9ef2382bdaa63bdc,A hides discouraging evidence to preserve another person's ability to continue hoping.,internal-editorial-rewrite,False,False
D112,D112-single-a,32,29,21310dc14e3b1a4d5b69e174e6299eded9f7616bd73e35f092714fae009f828b,b1bcc7a83528004d5d5ea7d6912773e2e00b01f99ebc4fcd4d5e4fd257712661,A asks B to admit hurt first while concealing their own matching distress.,internal-editorial-rewrite,False,False
D112,D112-single-b,35,41,bb542cddc93cce768da7b94262513a6eace5ebed6e831fc80a1f59e435511ba1,3917804225f04e5b93b9e74d71de7019828cee107e48a69a6de37e42a3f98e5e,A asks B to admit hurt first while concealing their own matching distress.,internal-editorial-rewrite,False,False
D113,D113-single-a,26,36,6e20e8d50e48bfd4d4c94ae4a3505094ce36e7a17f95d0ab8c94657cf06945b0,d8f17b02dd355cc52b089ab8f60d3d3884c5bb919cb70cec332ff27512cb0f99,"A turns disappointment into an allegedly necessary growth experience, even as B wants the lost outcome back.",internal-editorial-rewrite,False,False
D113,D113-single-b,35,35,a2e32241125a6088c6d793618351ce312c73ed5c3cfddb36c956c9e171f6a97c,9c279b6cbb8527a8c05b5cd615ebc3b646c16fbcf0041c040925a7d788551b65,"A turns disappointment into an allegedly necessary growth experience, even as B wants the lost outcome back.",internal-editorial-rewrite,False,False
D114,D114-single-a,32,35,f5528c2e8b9a337a71c11f5db7f0e8fe6b88cf31b5dffd3d18ce9b52c222576f,28c53432a134fe1201b546c9e33d1eb61a7c921700b715eee4fb29cb8b171670,A borrows practical coping strategies while claiming they were already part of their own method.,internal-editorial-rewrite,False,False
D114,D114-single-b,35,32,cda34ac5d7123e17990681684cc05d0b4ac1bf0a8a8900a4569ca2655ec89cb4,98efe800ab7bda1105805e5cbeaf48c8959d6c5300d8aad70ca535b69f260d88,A borrows practical coping strategies while claiming they were already part of their own method.,internal-editorial-rewrite,False,False
D115,D115-single-a,35,35,b8d921cc3b2acb58ee955201ae5636b4116291f7f338963c8c275292641c36f9,b4f46568b74e6557cc9061a5b658b0e3116f388f76b19a687c57e80bdd714179,Each emotional disclosure becomes an opening for A's larger competing experience.,internal-editorial-rewrite,False,False
D115,D115-single-b,33,32,778bc49da66fc25d48816172134d6976e4cdf132f3750c3f86189c7a63b7e484,c136d7a0ed88de1c7e6293e112a428c4f689993db3149dca01ba4ff9ed559fae,Each emotional disclosure becomes an opening for A's larger competing experience.,internal-editorial-rewrite,False,False
D116,D116-single-a,31,29,3f2c77e77ef36646d4e503b303bc2af47925941eebd7b9c8e70a215776cd429c,2a3f6624cf74f2c56fb4f33538f13f6fcfff8714952b1712bb16b37a16f136a5,A redirects hope after each specific failure while insisting the desired outcome remains in motion.,internal-editorial-rewrite,False,False
D116,D116-single-b,30,32,c8d4882464ea91e614d2d88eadba90ead2b63b60ddecfe464d5175ef74e490b7,ecf04667880f9e7bc52af0e78a9f7217499d446bbafe0f4e3eb69c445a0b8866,A redirects hope after each specific failure while insisting the desired outcome remains in motion.,internal-editorial-rewrite,False,False
D117,D117-single-a,32,35,3bd0004a565d2699cde10a206b2a0cebc9084bc89d3c6aeca0211a60ff0311f7,260694ca3aa7ebedf90b4f0077cb23692440d5976ec698c4b0be94311f893fe0,A intensifies care for B to prevent attention returning to A's visible distress.,internal-editorial-rewrite,False,False
D117,D117-single-b,36,33,11d7dd0858d0fb566f22600c362e341aee2662aadc73ea6fea6d576caa041012,230f35da69e1ca5daaa6a2ed3529de6875293dbcd418f069bf8a930409223547,A intensifies care for B to prevent attention returning to A's visible distress.,internal-editorial-rewrite,False,False
D118,D118-single-a,39,43,7791b89a5695847b7c95ba55edc194898bd5510a91ca551ccaff1e090dee3440,5c9baf9782816b48e894c81fe75bfdb1f4698ccfb181d6b1394a1b8045087235,"A treats vulnerability as a reciprocal emotional investment, asking B for equivalent exposure.",internal-editorial-rewrite,False,False
D118,D118-single-b,36,43,debab19e7a4f675c55d00799be900bd2a7d472d073acbeb62b7e2eb4435ad540,d2c6a5f9f5f1cadf5e9cc337663a5940123bf30bbcf52e6ca39a0f760889928a,"A treats vulnerability as a reciprocal emotional investment, asking B for equivalent exposure.",internal-editorial-rewrite,False,False
D119,D119-single-a,36,36,51b7a19950a230e670533ec27953d7f836245e0ce3a820f2a2e7398f41def2fd,f746b471ebd303e45a7ecf2869d1fcac4e9df8d5f620baf83dc190a7dbe1882d,A agrees to vulnerability within an explicit boundary that makes participation possible.,internal-editorial-rewrite,False,False
D119,D119-single-b,34,37,d98a200832e2b44215bf5cc4beb832e8159d8bef0d25a60623fc8bfc2ba6525e,dc9c52cbee2e885e67063fbae288bdfb4037daf4d68c9e48a6a1c2d3d94c9788,A agrees to vulnerability within an explicit boundary that makes participation possible.,internal-editorial-rewrite,False,False
D120,D120-single-a,35,33,eb8865ac7b3e0b18b01d82236c3a8cac126d16760d8de375859e3742cfd383c1,80c3075c6ba5dda64a4f58824ef82374f82266971bfd53069efbade468ad086a,"New details are interpreted as steps toward the same feared ending, not merely general anxiety.",internal-editorial-rewrite,False,False
D120,D120-single-b,36,31,27ec2c8ef16712bc0019ea2e9a34a0d03cb0224935b0aedbf1f7615419dfca17,1591ec1d85176b965b60e3f7e20f697a8204bd24b0dfa659ed70d1a9fe2a01ba,"New details are interpreted as steps toward the same feared ending, not merely general anxiety.",internal-editorial-rewrite,False,False
D121,D121-single-a,35,36,68947683761e8f799ff3a11cdac93f46711a00bcfe7debbbdbaf0301d54d7d06,a2b88e63d2b89461a879c84d1b0cce3ee7654c9205aa63403d29e91c2d0b79c2,A asks for help containing one concrete secret before explaining its stakes.,internal-editorial-rewrite,False,False
D121,D121-single-b,35,35,7a7c4b8f8bcc8d243920404f4e290633151fe146b36cbe0a6fbf16c14a5fa959,7866f2dbe87ee4e3adc80bf8a187c16eef6878b5dede14d1d45466d5b1633f54,A asks for help containing one concrete secret before explaining its stakes.,internal-editorial-rewrite,False,False
D122,D122-single-a,37,39,8c820a873fd957665b0423ea3bfde0f6b253c68dd7125e0501aa49824d350d17,ccaf84ff0e76886f28a0ec45bd1575479c3534b91789b0c2b4b6e8f277576383,A uses a precise contradiction to hold B in the conversation until it is accounted for.,internal-editorial-rewrite,False,False
D122,D122-single-b,29,38,0c67f63b9fb30d26db4e9a3e9edaa617d878e9db21c0b5df4c5ec41fb0691760,e2f511c2ef9c0dc5ef648ce2d0a6155799a1435ec06fee3cbfa969e05f191baf,A uses a precise contradiction to hold B in the conversation until it is accounted for.,internal-editorial-rewrite,False,False
D123,D123-single-a,34,41,17fbfb2bf9c6fd11a35a63718a586a3e70e737f191bd93f548a9cf61027b979d,27fcd178317705ff61f29034fc102b6942946e1be04fda5fc06e526fdc472ea0,A distinguishes the concealed information from the underlying decision and asks for acknowledgment of that harm.,internal-editorial-rewrite,False,False
D123,D123-single-b,35,40,9f276aadfcf833f43c41d77b57e646440e01bc57603ece92bb32b9f58aec49f2,fb51ed5d6b20364466725ef5fd26053d138022e40d1b35423c2c0395fe97e6c3,A distinguishes the concealed information from the underlying decision and asks for acknowledgment of that harm.,internal-editorial-rewrite,False,False
D124,D124-single-a,33,38,293b628b1340eed114247c06ad9010344917916e083b26a88e5edb7e721c49c2,873025a169007780a9e6c4bbac3c7559f359be1db3ddea1a4930195ac3276ad8,A seeks agreement on a protective shared explanation and negotiates emphasis around contradictory facts.,internal-editorial-rewrite,False,False
D124,D124-single-b,36,25,9f45743c3736f5ec4c1ff093590d64d2b3be2bac09c567cfdf55cc7968cd22de,cc6f258705a02636281f0954fe9ca68d6a348e0854ba4505463546512ec2caac,A seeks agreement on a protective shared explanation and negotiates emphasis around contradictory facts.,internal-editorial-rewrite,False,False
D125,D125-single-a,37,37,e740fa34fd800039bf2871a6a99866e2fa3ae85a4e7f06df39c6a4670420c7c1,08e4b00393cffa137ea3a652c1dcac4e451a83edb685f9b9efddc0fd507cf7b8,"A hands evidence or follow-up to someone else, using their own visible involvement as the reason to delegate.",internal-editorial-rewrite,False,False
D125,D125-single-b,34,32,efdc21b803e6b31cece542639e4a6e1f4c329cbba7862190e5dcb4c1b8bec817,7b5f047daf6f78ad294ef12d2264fade945ce8cf2d9651d1d86d9454b814f4ee,"A hands evidence or follow-up to someone else, using their own visible involvement as the reason to delegate.",internal-editorial-rewrite,False,False
D126,D126-single-a,31,37,36fc205fdf2b4e44795daaa4b4da6d5bca0a07f1f20c5ae7b754ff787ba1992e,c247a20c31ba06a37e47c1e877520789f02554650439e88efc7d882ae745d951,A compares concrete details across repeated accounts and tests consistency instead of assuming guilt.,internal-editorial-rewrite,False,False
D126,D126-single-b,34,35,cc31cf73c5c27cb22e210be2d3412cfcf29eab23a22f4c88d6d1f3a0bdfebc65,d00be56cfe62d82e49eeb173403e0f1d8062a43d7636679771ac200c38574261,A compares concrete details across repeated accounts and tests consistency instead of assuming guilt.,internal-editorial-rewrite,False,False
D127,D127-single-a,35,35,0517a36cd15a5eed4779cbca7d37301aff57dcec649b1763083492ac42b0ef28,b40a873644deb8e1e652621df4c686145352bdcf8b494b33b475750c6ba69b73,A recruits a rehearsed shared account and revises the delivery when B's memory conflicts.,internal-editorial-rewrite,False,False
D127,D127-single-b,33,30,8128ecc0d9865c11e72f1fd71388d6543f0f91a6b143f74c1fdafe3df9118950,476977a00dd02c14141e9a38b795e1f92e946a5e0a14410fc87b93c7c81ac681,A recruits a rehearsed shared account and revises the delivery when B's memory conflicts.,internal-editorial-rewrite,False,False
D128,D128-single-a,33,35,a466ed0fcae3ab85d016f5962b4685d07b5d58090c306ade48829df5ed279651,9305cc30670c26ce6f1d97780589b3403790323d976a04b4da8a02b4bf3a51cf,A has someone else test an explanation or dangerous question before deciding how publicly to commit.,internal-editorial-rewrite,False,False
D128,D128-single-b,36,29,d9122d621eb2dae17d835806ea1011c6880fe9b8babae068eaacbd8d8202f201,cc00000e8e288f460835cefcbdd3fce57b9bb216405bf49040097122fb14f8c1,A has someone else test an explanation or dangerous question before deciding how publicly to commit.,internal-editorial-rewrite,False,False
D129,D129-single-a,30,34,547759500d2719933ca9ce8d343a876f47f3ba9e15ab22b7330ebace693f49cb,ef3c116b6e704b11238a9df84317fccf75079c44f32f1361725c5643be8497f2,A seeks explicit credit for the first clue or design before group ownership erases the contribution.,internal-editorial-rewrite,False,False
D129,D129-single-b,33,36,fb0e8f9102d330c3976779e04dd15379d888caa20ac0acd66db7d70a95daeda6,ccb3229168305a34a1a2c4458a4b834f5ad4544714164d6183f6fb3878d53af1,A seeks explicit credit for the first clue or design before group ownership erases the contribution.,internal-editorial-rewrite,False,False
D130,D130-single-a,37,46,56cf996ceff0a04940fbdd737f1a8736a93a17350e3530a8a064f8afb51e3aa8,1d097e8a9d4a36bb87bc276a8b06b5b793081cbe60dc45d845ef6d125e54396b,A forces an explicit tradeoff between honest disclosure and protecting an existing confidence.,internal-editorial-rewrite,False,False
D130,D130-single-b,35,35,11b2e5ae0016d0c44212a4dd5e1165a46d4973ba767038e7c827b0eca70a2754,94bc059ae9382c13bd40ab212cfd8ef06dd0db42fa9eba43bcb20a128111ecc7,A forces an explicit tradeoff between honest disclosure and protecting an existing confidence.,internal-editorial-rewrite,False,False
D131,D131-single-a,36,38,2ef6d3a24b009edf37244a4b1e51b20c9a4bb851db215cec55e30c2170e5d184,9423305cf13920f90083a319e290351f364fdc6c828e9795309c9feb0c509565,"A offers graduated disclosures and tests where B would take each one, rather than demanding instant trust.",internal-editorial-rewrite,False,False
D131,D131-single-b,32,29,902058336b9f3df517af9315ee4c0819446b3b7477c2073331e97bd8a972034d,28b66ad3de38f992cb9fb6725d41ef7fbbf403858970cd389f178cd4cf920df3,"A offers graduated disclosures and tests where B would take each one, rather than demanding instant trust.",internal-editorial-rewrite,False,False
D132,D132-single-a,36,37,1dedf2cb5b5224a1d660aaa09560c7c768acd668fc923379905e94aa6846e412,3a7c6b449a9bb6be31fd87074351aa21214c978457c1e9b0fe6b4a4e9b3ef804,A pursues the original evidence rather than accepting B's summary or control over access.,internal-editorial-rewrite,False,False
D132,D132-single-b,33,35,50a1377214c4b792182b895ecc68d346ba636b6de14f11a82646e1a0ad4c8704,cb04515247b17e51dd5527fcdb0a63cb87cb899bf8b98b3e461e23eb2ca0b666,A pursues the original evidence rather than accepting B's summary or control over access.,internal-editorial-rewrite,False,False
D133,D133-single-a,37,40,6d936f0207f6e65ffcde6343424ed3d37b55e424824eacb479d3397eb34d6e38,4a49beff1df8a1638d89fb866ba518329f69911fcf291866a00db0cecc84d2d7,A redirects evidence of their responsibility to a plausible safer cause; each clue changes the diversion.,internal-editorial-rewrite,False,False
D133,D133-single-b,32,28,3e64ac06eb6904140fbc622fbc89b8b885a46b519a24abe556921e90efd4c718,e65fba0842500c07043dace8c88ed967f3ee4f140e6d301f60cf5ec12f1db314,A redirects evidence of their responsibility to a plausible safer cause; each clue changes the diversion.,internal-editorial-rewrite,False,False
D134,D134-single-a,41,41,e6f4659115a44a6bfdeebe1f29c5e09a57a936a7aa7d0a39c302395ffecfeba4,c2d6e8a20ada253808d81f5963f2f62313ee687269483213112d06286bb41b53,One incriminating detail is avoided through increasingly urgent distractions.,internal-editorial-rewrite,False,False
D134,D134-single-b,37,37,e9c880e07448e13cb1681892c403371f771760f1ff4eecb35ba966e1a1240fc0,ff23b379e12b6e9ba1ba8d38b6787aa7b74029d551732647981293301c2e0004,One incriminating detail is avoided through increasingly urgent distractions.,internal-editorial-rewrite,False,False
D135,D135-single-a,38,38,0af0c0c36e87a6a21d69a205efed50b88ddc265dece5ab3e008193f68f2a9385,2bbac57eae25fe97081b8d74a0c47b138bb145168f11cbb8d0c32485b4e7c02a,"A edits truth to preserve useful information while withholding cruel wording, maintaining the distinction under challenge.",internal-editorial-rewrite,False,False
D135,D135-single-b,38,40,a11339d345e27a1c4f089304941ff325ceb2a8ef648fb0ebb64af3bab1e484a9,29190c03834456e3c8d96135d83637c4622b3d0fcedd988e2efb441571b98d3c,"A edits truth to preserve useful information while withholding cruel wording, maintaining the distinction under challenge.",internal-editorial-rewrite,False,False
D136,D136-single-a,39,40,7a9759b2f5417984c51237d5a83900d0783360ba5e49f457356eb24eaac35b25,351625cc8c0a97c4b34a40750112c3f27bb7f90a57420e9e4e59b96d2ade4d75,"A offers a small personal admission to draw out B's motive, shifting from what happened to why.",internal-editorial-rewrite,False,False
D136,D136-single-b,39,40,7171d3f7ef40e8848b2869bd870dd05cedbacf86b25519dfa5c55f340f561e4e,920195570fefd5dc15ba85b3e6285ad7507a0d90e0d0727439fe36041f906152,"A offers a small personal admission to draw out B's motive, shifting from what happened to why.",internal-editorial-rewrite,False,False
D137,D137-single-a,40,35,78b9dde3ddb34be1e1dc793ca55c244ca1874e323cfe8c4b3be2bebad6073935,d241db6559a278939595bf9f497babc037855d76dbfca4cfe8afe0e105f2c4cc,"A insists that each failed step was already intended, preserving the plan's supposed authorship.",internal-editorial-rewrite,False,False
D137,D137-single-b,31,27,1195b73166308ca437e2447931300d5ae68e314867d03669fa4bf885f627958f,87a2b480fcaa641423bed4c0681cfda78bf656c6416054d107fdc2446db1e9ad,"A insists that each failed step was already intended, preserving the plan's supposed authorship.",internal-editorial-rewrite,False,False
D138,D138-single-a,40,37,c1302344f68a15775517690f0e12c969683ef0b181a43526622a8b1373ebc3f8,2e4f228c3698ba3850e08be912189ad27ca6ebc768f21938d5a0953818f2b87e,A learns investigative procedure from B's answers while claiming to have anticipated each discovery.,internal-editorial-rewrite,False,False
D138,D138-single-b,32,33,ec0a4f8b0d8c248a53de39200f7763a30d864f053e31acc1db07eebcee2784a4,e6d84d98e0fb5666d1155b7041b86342b76ab647e1ed1ee35ade55fc0dca2d2e,A learns investigative procedure from B's answers while claiming to have anticipated each discovery.,internal-editorial-rewrite,False,False
D139,D139-single-a,35,31,da60188944edf098ad14eb85199b1a7ef7e6ff19e4b2dc851e3e28262363e14c,6fb9cf1729dc8c5a71d0b91b59dd0814720a162641f3b07863b1021dd3481e0b,"A claims priority over each deduction, turning collaboration into a contest over who knows first.",internal-editorial-rewrite,False,False
D139,D139-single-b,30,28,e5e14e6d318d207363217bfe0689ccb5f896fa1e8e57e2ff5accea5da9f6d9dd,f2315683295d78beec2e5986e36443096705f0c793e48799de3777cd73238e8e,"A claims priority over each deduction, turning collaboration into a contest over who knows first.",internal-editorial-rewrite,False,False
D140,D140-single-a,34,29,8577e0366b53f85a850604fc0c9027f2c9fd93a88d3dfc9e5bb6ffcfd62e5460,40dc238308409192065e987cedd3e86a6e75036e5f920d296214a06e65f60fe9,A celebrates setbacks as improvements in sophistication rather than claiming they were planned originally.,internal-editorial-rewrite,False,False
D140,D140-single-b,28,34,cd1851579678e4ee020e1b8c05787b3a7d3e418c167e35ed672a11a3dd7944bc,e133cb7abb712999edce0c368d6ab2869f6a3b4af54bc414514a4393b5f51a22,A celebrates setbacks as improvements in sophistication rather than claiming they were planned originally.,internal-editorial-rewrite,False,False
D141,D141-single-a,34,26,a71e90d64902112be43692cb7b7793c159972e12714ee190aaf8f6a393e197b0,ce391eb57d66838d0793dc16a34b3b909f60cf4143a3767f5c350c441ba5a67d,Reassuring warmth remains while the actual information supplied diminishes with every question.,internal-editorial-rewrite,False,False
D141,D141-single-b,33,24,23ac7ba4e29d90e51453981146a30b7ee0f80d9aae37efcd0a69949e09282d81,bbc36e3cf6d83c75989adf610d4e82e49a4947d5695bb03dff547f3d68109683,Reassuring warmth remains while the actual information supplied diminishes with every question.,internal-editorial-rewrite,False,False
D142,D142-single-a,31,30,3ae81aa4cebfaf39261ccb7877c7351131e88d1711d52133af0acc6c65ea5d28,95839eb199eed8d3e4babdef300d07f65d3d168626d5bb2b42d70e9f3d2260b7,"Facts and confessions are priced in reciprocal information, with each instalment becoming a separate trade.",internal-editorial-rewrite,False,False
D142,D142-single-b,35,30,aed1e2bce5e998c8eae4afa5d1bb908898720b0fd04d3e4425f46d830c7fb608,5cb4160a8c364faab5f99d34de31fe49c03eb8296fd6f3495799b8c8db039238,"Facts and confessions are priced in reciprocal information, with each instalment becoming a separate trade.",internal-editorial-rewrite,False,False
D143,D143-single-a,31,30,d7cc5bd4a8992314a1d19a1205a54b771d2db77a53bf8fa7682870218f273034,6405e34f46828d2c41e6dd4457ba9b5c27cf6b3ba118e8f57f8d5d1bbeecbfe0,A is technically honest by narrowing the scope of each question and refusing unasked details.,internal-editorial-rewrite,False,False
D143,D143-single-b,34,29,f853284cde1287c81e19e8ca1c9c30f8d7bc3d2905f3547c51d7f2f09f61f366,b2d787563e8c4f344c82fef20bb1382944368a95941af423a7acd936a2333b0c,A is technically honest by narrowing the scope of each question and refusing unasked details.,internal-editorial-rewrite,False,False
D144,D144-single-a,31,27,0ed8139652b5101d6c0548d6e3dae1eebc5205836689ffb49dc78758cbc57546,d71a3f260cc9b6ddbefc3082d9902a3bd57595ab50e96866cc995e6d93959655,"Every failed clue or denial enlarges A's conspiracy, rather than eliminating possibilities.",internal-editorial-rewrite,False,False
D144,D144-single-b,36,30,fee37928961f25eeee187e69b67b4fb7eae4d73d81f33970d057a00ccabfc918,7127420dcbc17a034ff1e3edac8be40301e3596a62a9d67960be5792014847ec,"Every failed clue or denial enlarges A's conspiracy, rather than eliminating possibilities.",internal-editorial-rewrite,False,False
D145,D145-single-a,35,38,f0f31fcd7f98d8b29e6d33890aa2d5f655988c752fb7d30e7b745a7f74b7d8ac,0d84f29881d8398fe43c34045a5fe34099c70d443bc2f7873de8c9c6ba64d5f2,A recruits ordinary social treatment of an absurd premise until B has a practical role within it.,internal-editorial-rewrite,False,False
D145,D145-single-b,39,36,0cba975e8d2392b7832bc41184c25792e3b1db71f520313effb1003f9afc991d,87718dde591c15df655eb33df3eb58166f584f553a1c915440aa7901072a0d99,A recruits ordinary social treatment of an absurd premise until B has a practical role within it.,internal-editorial-rewrite,False,False
D146,D146-single-a,32,35,8ee6bc47be809b16f2791605552a685b06c7a88402bcc0938dce093cfff0e454,b48fcd5fbc40a933c154a6c13dde4de406a6bcfec5c83f64f1396248ccdaa5c4,"A keeps B engaged until a prophecy receives fulfillment or an agreed revision, not simply endless waiting.",internal-editorial-rewrite,False,False
D146,D146-single-b,32,40,b52b2fb0c4df2b04d197d3e5e9208bba1f32cccffa5358e7017cd7f028f80684,38797f4f0e45f8a4ba595dfebafaaa00727047bb3d137ee5c5287883a900a817,"A keeps B engaged until a prophecy receives fulfillment or an agreed revision, not simply endless waiting.",internal-editorial-rewrite,False,False
D147,D147-single-a,31,26,1f4deefd8a5ab8a4fce66afbdbd44f287dd6ac641829eca66f4374668bb7ff81,7d7206b12378f7fabb3f589e0c6b01a9108f87489218a9ef47a68e2831bda11f,A requests an apology to a concrete object or impossible rule and negotiates the language of that apology.,internal-editorial-rewrite,False,False
D147,D147-single-b,26,33,9c07088f37dc79ca3011e108b96db84f289f9868ef9821da2745a19739e5aa9c,760dec77d81dde4de158ff01d9f1081c86f61828311e7fef5f681adcdbc03421,A requests an apology to a concrete object or impossible rule and negotiates the language of that apology.,internal-editorial-rewrite,False,False
D148,D148-single-a,31,29,2181b68d1fde3b0f1fe1b649ac488ea06bdb2c9b7d0c56da6f5d212325b7124b,d295f169874df987afecafbb58eb75bf4e5e23926db9f17fa05b961ec5e7310e,A seeks explicit approval of one impossible plan while making each clarification stranger.,internal-editorial-rewrite,False,False
D148,D148-single-b,34,34,293b3c4975108503f152eea63c633825935cb7431fdfdbafbe7acc993cf9cb9f,dcdb9bb559104a554342dbcb6ee1b7772c8f603172d74be3b43ba741f24049eb,A seeks explicit approval of one impossible plan while making each clarification stranger.,internal-editorial-rewrite,False,False
D149,D149-single-a,34,35,d1c28baf40e4d2e399534a857386fa18c9c21f516fe7d448e2bba06a49e7cca3,7e2786c26fa6f8aec4711c36527f31432528ecbb1fc642360ccd7c1cbb17ee69,"A delegates the impossible component while retaining a simple task, supplying absurd practical instructions when challenged.",internal-editorial-rewrite,False,False
D149,D149-single-b,34,36,f6b2457a9860d93ed179be90e14d56fb670374db74029b0a63c51941c850741a,df998078fd54facf55e17b73efd8b82314eb790cda555e693bd15aeda5fd453e,"A delegates the impossible component while retaining a simple task, supplying absurd practical instructions when challenged.",internal-editorial-rewrite,False,False
D150,D150-single-a,37,41,e75989e4d2ea6660fd620d84ce88274bf9937a674a4743dfe42e080f365dfe4a,cc83e9bcb56a2467bf45bc8299c89fa62e34c010d7f7c86cce970c39e2cd43f2,A investigates the rules of an impossible event through concrete tests instead of accepting arbitrary changes.,internal-editorial-rewrite,False,False
D150,D150-single-b,32,32,c900a394910cc580bb1ba7922053ebea05a4e43b105d78a9458437fb1d59c1b6,fb64891c058fef90247ed4966aa87c2e11df36c1a1c6bc7d6e9793070d5e31f2,A investigates the rules of an impossible event through concrete tests instead of accepting arbitrary changes.,internal-editorial-rewrite,False,False
D151,D151-single-a,32,36,72adaa7b3029e50f9901892d72974d751c1018c3014091f61dbd7ae8b3ab045f,10b765a2fbbace5cd127afb859b8d8330598620c005cdfcf35c2eb271c4c5fc7,A recruits cooperation with an impossible interpretation by identifying a useful next action within it.,internal-editorial-rewrite,False,False
D151,D151-single-b,31,31,3d99983056196aee81b373f3af27e94bc6621ffc10cecb8c23b61f9d409e4e4f,af1c63649ea206f3fdbdb5b4e1dbc2b188c6759710fa97caac7a1bd2015d4b94,A recruits cooperation with an impossible interpretation by identifying a useful next action within it.,internal-editorial-rewrite,False,False
D152,D152-single-a,36,34,79ec892370ffd72d3dc2e2133970a1c4f6ab7dfbfc5ab06bd24e4ff846f95b64,497fd4580c9e569126ed70f2a576e587e77e4d73a6f15b1c4ecfe787f646c1ca,A sends B to test the impossible claim first while keeping a credible observation role for themselves.,internal-editorial-rewrite,False,False
D152,D152-single-b,29,32,10031c090c219a56cca5e55d8b19f11d9c6945016bf4fa5566a746b44ccb78f0,1cc9f302aaa9e6fa01f0488560efc1b83e3f5faed7b08fd312e8558fcfed754d,A sends B to test the impossible claim first while keeping a credible observation role for themselves.,internal-editorial-rewrite,False,False
D153,D153-single-a,36,38,1696e5b7d6f84cb26709c4af7a40f562ecebb7c4b18befcf48d9ee4bc88167fa,c61105cfd257cd919a2c6dabe91eac6a241e264489bb17544132194b9d87d50c,"A insists on credit for early belief or prediction, not merely for seeing the impossible now.",internal-editorial-rewrite,False,False
D153,D153-single-b,36,36,cd73c9f76c71b3f1ad50f4684cd8879bd0636fedb8e7baa67b14d4dc49af00b4,a589945aa656baf0f8a45943ce47bb52c056593eee4090bc6bacf9b0ae447563,"A insists on credit for early belief or prediction, not merely for seeing the impossible now.",internal-editorial-rewrite,False,False
D154,D154-single-a,33,33,1abedf71bfa5b0e9ce38d06b19a224f66bb1979bba1f8d9896a43ec1cc2590ab,ca34e4c9cad6c62c4a9b9d1686a12417317886c4d0f3280ac16c933b55e0aa09,A forces a choice between two explanations so action can follow a consistent rule.,internal-editorial-rewrite,False,False
D154,D154-single-b,38,28,2779f586980c80a27b0e61b8cd9c8c0f582aab88381a2a75eb39e001fc37e21a,44c51f8b759965e5ed7e348c5911df9e9d987139750bf7f7f1bd1bab63571138,A forces a choice between two explanations so action can follow a consistent rule.,internal-editorial-rewrite,False,False
D155,D155-single-a,36,36,42d186d2fbd10550ae5a1c57bdfb1720d489aac0203ce4dd404a2bc0cee090d7,46e72c894b81ba1b90761e90adf9fc43e2c83dd9948d6be3315eef26e8d86bb7,"A requests a concrete choice that only makes sense within the impossible premise, without demanding verbal belief.",internal-editorial-rewrite,False,False
D155,D155-single-b,31,31,2169bd6259180c1dd065e76ef5527864b29a27c8dbd21fd77eebdbc86bad2f52,b658d0245980c0cd5fb78e84eebe1bab89aa4661894c045c6cbd9f03a5be9311,"A requests a concrete choice that only makes sense within the impossible premise, without demanding verbal belief.",internal-editorial-rewrite,False,False
D156,D156-single-a,39,38,faf35f660b7fea36295f0af6b0f5c1b1f90d44758d3bb3fd80bfcb1b1060c506,090cccfbf4dfa890a3e6e95adc0b524ec2e6dd04f21f5f65653ea12bdb621265,A asks B to stop relying on the ordinary explanation and take one action under the unusual one.,internal-editorial-rewrite,False,False
D156,D156-single-b,37,37,62ab6a6e73301fb8f71cc87fa200e28c3008a4cbfd62fe740e91e050d5b05630,31e616a0da124ab5ee9549faed507035fb92f6ff970bc2121275f6b5e097fdad,A asks B to stop relying on the ordinary explanation and take one action under the unusual one.,internal-editorial-rewrite,False,False
D157,D157-single-a,38,33,151c0b9ee8cc99d44583b9a9220936b96c6b51cbdf421104cbe9d5c2447d1f50,f4ea032ba6de9f72a3a8fbbbf8ab1f9c9cc3f6cc740de2f4c1cd8cfb78f3a0e9,A manages the impossible consequences while concealing the casual action that caused them.,internal-editorial-rewrite,False,False
D157,D157-single-b,32,36,a4b2615ba8170c49c89d66d1f6faef89c9d73cd0fcf98440137e0e0155bf27e6,4ba87f9259a070fea3300bd8d3ebeb520660e8e1b0eede39f90efd5137b2e79c,A manages the impossible consequences while concealing the casual action that caused them.,internal-editorial-rewrite,False,False
D158,D158-single-a,42,38,0070d05f1aa5a602cc743a7cf5bf5b61cfa42f8fa312fdc1e4bdc478508bdb66,924a0cf980031bce238d30b97c156d4135a4070c8f685ca082d1f43431189150,A redirects why-questions into immediate care or containment of the same impossible phenomenon.,internal-editorial-rewrite,False,False
D158,D158-single-b,33,34,bfcec63697b0b998076cc7a68686e762a01010307fdb3d73572b6d4642f03455,824d380bfbc674a82f9f816f4a3a9b7aacd1d7aa31b7cd6578f516484d994cc2,A redirects why-questions into immediate care or containment of the same impossible phenomenon.,internal-editorial-rewrite,False,False
D159,D159-single-a,35,38,a9aeb886e9176901214abdaea1f09e39693845ed108c1efbad1031aeb494a68e,46273fb84a085f7bf14fafc4ed663aee8ef4215c0f9dc9eb67790ecf04e34beb,"A sustains practical hope while concealing unfavorable odds, grounding the next step in a small real action.",internal-editorial-rewrite,False,False
D159,D159-single-b,36,41,20c06a2b37f3fbf26bccd6825f26c787cbccfd98002c7af97cda9e6c95f62716,90d0b94aa4c5c4857ed096f7ccfffbcc357268ec65ac367b6cbde2c130788606,"A sustains practical hope while concealing unfavorable odds, grounding the next step in a small real action.",internal-editorial-rewrite,False,False
D160,D160-single-a,33,37,839b86900c9311927fad26c74f18f4d06b4d8ffe1d152dbed8767fb9c08579ad,96d00127f5cf7ae56145d15daae3b67110460fbb521ba8747728cfa05281b88d,A asks B to acknowledge a specific impossible observation before disclosing their own belief.,internal-editorial-rewrite,False,False
D160,D160-single-b,33,35,bbee6fe376d380234b97a62ede2969addeb6616d2278ccd2c0f679f2fddfce0f,8f6b504d2ef94ff5add5762f932716a95e6734cbdaf88be13ede1fd3b8701ac2,A asks B to acknowledge a specific impossible observation before disclosing their own belief.,internal-editorial-rewrite,False,False
D161,D161-single-a,39,39,060c6c7967d8b57b2eb19b08cc0dc314649000e643defd03f02bb3f93127ea81,d06970a2cc6eb334a2dbb18112be4118d0fd92fdc478dc9c4f402ac502e594d5,Failure reveals a new supposed mission and A immediately acts on it; the target genuinely changes.,internal-editorial-rewrite,False,False
D161,D161-single-b,36,30,946f2f2c3eb432ebf06a1726747712d1272f14ac81211c67e30db8016aff4a47,ec379d4ea3184b83da1a059b582570c42a26de098a2dc9049032d0cff475bfa8,Failure reveals a new supposed mission and A immediately acts on it; the target genuinely changes.,internal-editorial-rewrite,False,False
D162,D162-single-a,34,31,0645a0349bed71663fee2d2ac509e70eec203b218d5615aa0ae90338e99e68e9,03c972f97d3df0f7ea70e8450926ab49cb173222ce8d647d802785737003104d,A invents exact absurd rules when each new practical question requires them.,internal-editorial-rewrite,False,False
D162,D162-single-b,33,31,9c720fdee4ed5f85da11153dcddf95da60fa721b548e2f5b3c158cd03ff5afa8,c0e1528712ec15dc7d2c4fa2bb363d5623639df6f4a93d4100e4a1e3df96f428,A invents exact absurd rules when each new practical question requires them.,internal-editorial-rewrite,False,False
D163,D163-single-a,38,39,f795511f424c0bd8ee842617f217f5d57d1706de6d100dea3be70791aa827e80,7cf7d6c30ec6c312d751a205f23ce604caf7a2fcbe98d88211b748ed755baa29,A builds a more committed version of B's impossible offer through a practical consequence of that same premise.,internal-editorial-rewrite,False,False
D163,D163-single-b,32,35,be910742c8b8931e448cac40110dbcc4a2698ba1d7faf44ee37d2dc049b2d70c,0ebecf03498860a768c4c3d17c6ec04a232b04074aafea7aaeffb37e743826f7,A builds a more committed version of B's impossible offer through a practical consequence of that same premise.,internal-editorial-rewrite,False,False
D164,D164-single-a,30,36,dc0f14e65c71e0d39bca6c30d9b2f36abff50735b9aa18029a50d45aca033a2f,614507c2a1cfe75c946d05cf136a1169b78b206a1dca082ad4c3764aa465caf8,A finds a concrete benefit in each malfunction of the same impossible system.,internal-editorial-rewrite,False,False
D164,D164-single-b,29,32,53af15485b3ec2fa01c6e05b16eff31f1f4123083c544d9f6929535449bdb229,819abf11d8e9e2d5001518bd356daa4203e100cfd22bb0c8fac1a93b40133f4c,A finds a concrete benefit in each malfunction of the same impossible system.,internal-editorial-rewrite,False,False
D165,D165-single-a,35,38,bbecb597c7a941bec0e84238f4ed2419df717bd01c95ee7147b21fbfd37237bb,031bef62d2310e8020de8382c8076aa7235f24cdfa8758d33598c2c10d3af7a8,A calmly accepts the impossible while escalating concern about a small ordinary breach.,internal-editorial-rewrite,False,False
D165,D165-single-b,35,36,b0d73dc88d56585eddfcecad11b99b456ee3720fa8ce2b5417e70c3cd2224105,5350a3836ce22950c687280c0758f76a74cba1f2f6e9f64693dbc9ecf05563b4,A calmly accepts the impossible while escalating concern about a small ordinary breach.,internal-editorial-rewrite,False,False
D166,D166-single-a,37,29,0d823022b1760f1bb126bfca22b8798db7ec35e5e515f696ba7fbf3ba614ef2f,682068bbd9fe68a621c829b625413a443aa629b7ea59a722629c2c4b326dc4ee,Favors are priced in impossible yet consistently negotiated resources rather than ordinary money.,internal-editorial-rewrite,False,False
D166,D166-single-b,30,38,4b7ea2f7f487ed4ee654f5f1de40349df07037b0889e367af588f3842f4dcb5d,114d59670499b234ea3573ad220f362f20821dd8004d67a966236ddb8511892b,Favors are priced in impossible yet consistently negotiated resources rather than ordinary money.,internal-editorial-rewrite,False,False
D167,D167-single-a,29,27,d5560a51c4852cff9e51f9aa2246a74bc12f3fb9bdebb43adc723c4ac5246e49,21a49754ed5c18642ec90b0396029a8709959969404d866a622ee5f30ec10350,A agrees then changes the physical meaning of the terms to favor their own outcome.,internal-editorial-rewrite,False,False
D167,D167-single-b,35,36,d8c9634c0581b1f02c0994410822f5ae8c87ffa5d7e33f6d32e794c84b57957c,40334a944d47966140cf50629b601fe11006bbe2c8ad46299d1945a31b8ece97,A agrees then changes the physical meaning of the terms to favor their own outcome.,internal-editorial-rewrite,False,False
D168,D168-single-a,32,31,675c7d193a380b1c7293ee33ba52c2faa33e09fa2ff108b283c0597890aa16f2,e69335d08728e7abcf2b0e95f5e1129749c699b4fbe48ed40958a0af9b518354,"A expands one impossible premise into a wider system with history, scheduling and consequences.",internal-editorial-rewrite,False,False
D168,D168-single-b,35,36,cbaae17969798294fa6f64cb020b060553a3000a4b204924d24f7a74a7b0fdb5,fbf9e6be5188b967eba84c949e0735af9eb3e89dfe2c68f0ee73a17bcfd50b37,"A expands one impossible premise into a wider system with history, scheduling and consequences.",internal-editorial-rewrite,False,False
D169,D169-single-a,35,35,28b8dfd306399b826bbccd19e44cc185e7dfdca7859310c783f5fb99aabd4bb0,5347bd0d85cda371c8d61836bc60897d70bd3055268b9464be74484846da8b28,A turns a requested favour into shared formal responsibility; B's practical help is insufficient until it is recorded.,internal-editorial-rewrite,False,False
D169,D169-single-b,31,38,9b7e3a256ca4020b1453e990df6743e3378ee46e4cccab837dfb2728142ef62c,9301126801740f618317d7cf874b036fd79c2c2bbb2e98411a77c94777d5d50a,A turns a requested favour into shared formal responsibility; B's practical help is insufficient until it is recorded.,internal-editorial-rewrite,False,False
D170,D170-single-a,28,37,0f0e11668e0e2b0b11f2aa9fdfebe57ce879a270a467d6adced72222a45bddca,494e44c5500fdf341c275fee421bf43a9105d17eb82287aaa9f75a534bc6da18,"A pursues a jointly performed closing ritual, not an endless new task; B's attempted exit reveals the exact missing participant.",internal-editorial-rewrite,False,False
D170,D170-single-b,33,42,c59fc9151e7b51ccb802a9c8d03e80c74830e60cc7a647e206a8a0a899897d54,7e254e71953272df2807fa1ba59245f67491832c9df6f3f5e9ad1c684702f744,"A pursues a jointly performed closing ritual, not an endless new task; B's attempted exit reveals the exact missing participant.",internal-editorial-rewrite,False,False
D171,D171-single-a,30,40,8ac9f9378b2a5ddbcc6b006b98ac96e1b89e581040fa5f53aa0647b4ade1807c,54623f67a35e39061b70287dfb84c81c6cd09628cb8107524434316f83d18b31,A wants a specific acceptable apology form; B's sincere but informal versions become preliminary rather than sufficient.,internal-editorial-rewrite,False,False
D171,D171-single-b,37,40,1fe053d5dc70eefc9930b3ba2fd1ebccb933909786431a39943c376c047209e7,5423da0393909b8ff03cf14861373c6f6691e318c4e38ba381b203b60be15580,A wants a specific acceptable apology form; B's sincere but informal versions become preliminary rather than sufficient.,internal-editorial-rewrite,False,False
D172,D172-single-a,31,40,2f4a21c418374b465be9f11108d2746bfefabd2c5a02caf48fb8d914d8d99628,e5132923d6b489e0f8fd1e40e87c477507cd55d7e8f3093ea6e019490af6fc1d,A obtains durable approval to prevent later denial; B's reservations are recorded rather than ignored.,internal-editorial-rewrite,False,False
D172,D172-single-b,34,34,92cd3757582b2dc696e3dc4d14745f76bc20853fa913bf3e550d71dcf6caf9f9,1ecd97ced172e5a947784c165c7ecf036f99fbdbc6018cbfaeebf9d09223a7d2,A obtains durable approval to prevent later denial; B's reservations are recorded rather than ignored.,internal-editorial-rewrite,False,False
D173,D173-single-a,31,36,1ae7d51b385ead7ffa6f2ba35f3ef69fe2fb5bdae7d41282588372719a28a618,4e2d32efc74611bd7bd3ab512f86addbcfe4faa146227f58c1bbfcf7f9b1d0fe,"A assigns an unwanted duty through an existing rule, not personal persuasion; each objection is answered by the assignment mechanism.",internal-editorial-rewrite,False,False
D173,D173-single-b,34,36,514d5250bae636b4773f12836532cedcc1b915f0d081928906ed855ee97c41a8,e2027d1c940ae97ef00ed6dac4943c3eeab00ddb8c94e93b0cc6ef717c512b70,"A assigns an unwanted duty through an existing rule, not personal persuasion; each objection is answered by the assignment mechanism.",internal-editorial-rewrite,False,False
D174,D174-single-a,35,41,9060bc181c733f090d50c8d0468e5bf0976b400ffaac796d9f650cece62bf346,886cecb9079b253a12b59676eff2024e5b721f687f5713e49ee5917f946d436f,A asks routine record questions to conceal interest in one interval; B notices the focus and A restores the cover of completeness.,internal-editorial-rewrite,False,False
D174,D174-single-b,33,38,fa7a2268cad663b5c1ce6116d9a34098d314824ceaccb2e76f7a2e2701e2f272,4caa112b33a110748d4c7367042f27bb0bfd069c2702d1100589b87072b9545a,A asks routine record questions to conceal interest in one interval; B notices the focus and A restores the cover of completeness.,internal-editorial-rewrite,False,False
D175,D175-single-a,41,43,5acf193ff8e86ccbf5ca8a3edde9a180e5c56b12501d996796646c8df8d68b16,aa022158cdd640169383f0bdf1085419d87e797ded34bd8f81b54155d905fcbe,A recruits by giving a small contribution an official binding identity; B's wish to remain a spectator is folded into the role.,internal-editorial-rewrite,False,False
D175,D175-single-b,32,42,40e274259c17419fe26d0eea42476537b07e3746fe6fa56add431cc6c095a383,144be807d8130c6e61045a084dd98af855106e33af661f00738cb532e3cfe7ab,A recruits by giving a small contribution an official binding identity; B's wish to remain a spectator is folded into the role.,internal-editorial-rewrite,False,False
D176,D176-single-a,36,34,914105fed18f804399b5366cae916de74471b4093c4f9418ab80e42653eef62d,3f869ab2fe78aa25fe9441d883f74dca12d24432dc37c77854b8c1ca0d7ee7b4,A obtains a first exception specifically to cite it later; B's one-time restriction becomes evidence that the rule is bendable.,internal-editorial-rewrite,False,False
D176,D176-single-b,29,40,ba3063ac302de54be28342a92feb309edfde1ad6133b75abb58891858fe4fb08,fba699375d0c031b9823d973d8b86c02b047ba78402e54b37102e7a10a4e0ecb,A obtains a first exception specifically to cite it later; B's one-time restriction becomes evidence that the rule is bendable.,internal-editorial-rewrite,False,False
D177,D177-single-a,34,42,7c96932fcd75cfc5979fe186ace85ab3adfaf6056caf362e402d823fb7eac846,b02b61806edff3d68070b3b55f10169db4c29fb15da3237fcf26bcada47f7547,A seeks a durable named contribution rather than private thanks; B's compliments are redirected into the record.,internal-editorial-rewrite,False,False
D177,D177-single-b,32,36,34237807e9321aa9f1bbda244c9222f554dfeb18321b57c4a31f13e013b0ba10,04aefe4d92b71583e2738e16023a60de4e1a184c933acb438f6dfed12086b732,A seeks a durable named contribution rather than private thanks; B's compliments are redirected into the record.,internal-editorial-rewrite,False,False
D178,D178-single-a,28,40,b5af3ce144cbcc95e65b004dd0c4edbdf6ba8bddad7484264e6360ab3abf2cc2,aef6b456096400b1681fe270e0aff8f227e3fe4df291d57e55e5ba3f76f09278,"A demands a choice between contradictory rules; B cannot evade by using both, so the decision remains the scene's pressure.",internal-editorial-rewrite,False,False
D178,D178-single-b,32,38,29f1f741782d2007838fcb891fe6ac961059e76c874506fdf5b7ce4ec58f58e8,4c87a0dd884cbbc92ab7c07d9216d37aa1b0d65cb9af4de890c6becdc8da6797,"A demands a choice between contradictory rules; B cannot evade by using both, so the decision remains the scene's pressure.",internal-editorial-rewrite,False,False
D179,D179-single-a,38,45,2139f30c8eadac305013f098d59f4a53fc2cb231879ebf77e7e501c7ab12f88a,43c56176df21febf2ae4e6f5be2055d12d6efb2690814e915dc2fbba91d35da7,A uses an ambiguous custom to test whose interests B protects; no particular interpretation or loyalty outcome is forced.,internal-editorial-rewrite,False,False
D179,D179-single-b,38,36,b2ebee75e324fb46d3e47b6e9622bb5a27c80891b34a6336798938f93e2b779e,0c614e70bdc85fffd4633053977370ed6ac22859e8d494f2eebcecb8eede4818,A uses an ambiguous custom to test whose interests B protects; no particular interpretation or loyalty outcome is forced.,internal-editorial-rewrite,False,False
D180,D180-single-a,32,43,5442e465a8338804324697152495b4306492111f2d26038e9da9c46a05375595,24629fc519b86573c5c9461c6a355d454be506e39baeb981e4a62fca800076b6,A persuades B to surrender a special objection and trust the ordinary path; B identifies why that trust is costly.,internal-editorial-rewrite,False,False
D180,D180-single-b,32,39,bfc256f6230e685c5e407b9da09ebe3e31176081df9b6ccce3bdfc76a63de631,4cbfc1b733daa577c6400039065b3480501dc99826725b52079958829b7a02c0,A persuades B to surrender a special objection and trust the ordinary path; B identifies why that trust is costly.,internal-editorial-rewrite,False,False
D181,D181-single-a,32,32,9d291402fd4d91e2a45e88113b347647da9a4cf6a306ec0098155de20ca5ee9d,0046fd4ac6c257fb8768eedba3e36ea596a5cd36114a50930fb1a1b53ddcd55a,A distributes a personal error across process language; B's concrete evidence is reassigned to another administrative boundary.,internal-editorial-rewrite,False,False
D181,D181-single-b,32,36,f87b2dc4b8250506833a69d3592244812c08dc3835f5e991541039994b597578,e0d2478e38658459b25d2efaad30ddbf507887594e2b5df75a6c00ac825593b5,A distributes a personal error across process language; B's concrete evidence is reassigned to another administrative boundary.,internal-editorial-rewrite,False,False
D182,D182-single-a,28,36,8292d067dc608a287824fd4a85a6a87c86fa6e1b3850665d710e7d510ddf0672,ca3ae8a6187d9d2e8e60938eec0aecc8466caaf766954dd3bd1974d64635e48c,A places the dangerous question outside the current process; B follows the procedural redirect and A moves its boundary again.,internal-editorial-rewrite,False,False
D182,D182-single-b,34,37,096bd01deb7243f59dd3a29dd97ac0ae06f0856a3d50d83dec579e73a6eb713e,09c81f80a02e23fe9a193040bcd8ab6038c251f566443f84ac19325c2782bace,A places the dangerous question outside the current process; B follows the procedural redirect and A moves its boundary again.,internal-editorial-rewrite,False,False
D183,D183-single-a,34,45,c39b3474b4900d6b5812d2585e6558ecc5a06f9be4a19d0e697c26b9d52e85fc,056eb2b1f4f0d273e6badecaec1d3c56bb45b58922e6d03185110bcb3ebdd5b5,A protects others through a repeatable simplified account; B's pressure exposes the specific omitted detail without changing the protective aim.,internal-editorial-rewrite,False,False
D183,D183-single-b,30,42,0c5ac52a0c386997d5b84731972cdc70e31437f8090b5df0e134ac827dc248fc,9a7c3e7d7907ec3b3e8a431f23eef62084a71f736750655086df5c955654acdb,A protects others through a repeatable simplified account; B's pressure exposes the specific omitted detail without changing the protective aim.,internal-editorial-rewrite,False,False
D184,D184-single-a,33,37,e48b53d34b29853e2094a1fd54f05627e1f30213db1bffda069ddd654d796717,4fcd1ad1e6e45183def319b2286a088963c3842ce22f7710bba300b3cb8706c7,A asks for B's independent account before exposing A's own involvement; each request to reciprocate becomes a reason to preserve the order.,internal-editorial-rewrite,False,False
D184,D184-single-b,33,39,d45ba4d380d2cba55fd9bfadd9f31cbae8e668cfaaececc2f842b7e924cfe28e,b481f9a8c7c9274878dcfb6fe3d1aefe83ca98945195971275d269e147d4f467,A asks for B's independent account before exposing A's own involvement; each request to reciprocate becomes a reason to preserve the order.,internal-editorial-rewrite,False,False
D185,D185-single-a,29,37,bd0338be7932f232f2771cb05fc1be1edcc9369a3754955865a67d7fdad1702b,a5345f1a821bbbd7c184a786e31322c99fc0fc8621c8ff1db11c6505e0502fd6,A calls correct compliance a success despite a specific failed outcome; B's consequences are treated as proof the paperwork survived.,internal-editorial-rewrite,False,False
D185,D185-single-b,37,32,1d71223769abbd59554f267d64dfe2943e6b396c2f13a67d6e52c3ea7b5a68e9,13c7371c516cf16cde1636c8575ca56fa02f64d2b62ca2e9d98a2cc88f1a7c73,A calls correct compliance a success despite a specific failed outcome; B's consequences are treated as proof the paperwork survived.,internal-editorial-rewrite,False,False
D186,D186-single-a,28,32,a0441077b1448857c1695da9a67cefce4927342a73bf3f57170acb68db85adaf,9b3ebacb2557c5da700b5c761560998347b123005ee7eaecdeb23d724eda78f4,A uses institutional jargon to appear fluent and revises terms without admitting ignorance; B's corrections fuel the next confident misuse.,internal-editorial-rewrite,False,False
D186,D186-single-b,34,35,93f05166db50644f3cf559787db866d85a58d683e637e84bce4dc2b12361f842,fe0dec2cfebd0099b3bcedd63ac9a824422f21a0a097d1a3c5066074d7f9207e,A uses institutional jargon to appear fluent and revises terms without admitting ignorance; B's corrections fuel the next confident misuse.,internal-editorial-rewrite,False,False
D187,D187-single-a,30,33,3b49c7e5a3b9339895521edde27e802051e2d1e4621e09987f4b1b8d46ebe09a,002c1ec43e43821affed77bfed4174167fe0bdd7c472e6e847238fcc327676d4,A one-ups legitimacy rather than speed or quality; every comparison adds a more official form of the same activity.,internal-editorial-rewrite,False,False
D187,D187-single-b,32,38,3ba3b2c991cdf386ee11f6aaa20a18450a2d0dd7a71a1d907e72b01ebd8a639b,41af293527ee459e789a6b05c5843c2a80c60b17edab14f7eba86a0c37fafc13,A one-ups legitimacy rather than speed or quality; every comparison adds a more official form of the same activity.,internal-editorial-rewrite,False,False
D188,D188-single-a,26,33,e9c9870ba37aef4d697e5efebfb155cc1e192738f8b20b0034a9aa844a6ad8b1,54d29e74f48df01472d8867db8119b6554f0a16ad12959d813155e600c5eb7a1,A greets a new impediment as protection; B increases the real cost and A remains specifically optimistic about that safeguard.,internal-editorial-rewrite,False,False
D188,D188-single-b,30,39,4f12678395a915742cf653a0c122abefa07e6785dc72373c67f67b084befa1b6,3f74693591b07d953994e8cb6831b3f9955dfb08e802d7f58145155bf9fd8b37,A greets a new impediment as protection; B increases the real cost and A remains specifically optimistic about that safeguard.,internal-editorial-rewrite,False,False
D189,D189-single-a,34,42,9b29dc2c345e86a00ed4883df511df58eeefbd10bf5e3b064c2abae224c46551,8fbdd21b22ba0f87ceec6f58a9f9095699624f55bf7bdb0bcae6e95ae5183540,A stays genuinely hospitable while each rule reduces access; B's requests are answered warmly but restricted in the same setting.,internal-editorial-rewrite,False,False
D189,D189-single-b,31,35,80573df39d882069e6648c03a1cc93690c5d1d4b52c45d30214a42617fa836fa,ecfeefce27c8b52946879be937f301445aed9eb889ad4a1311f03b5247bebafa,A stays genuinely hospitable while each rule reduces access; B's requests are answered warmly but restricted in the same setting.,internal-editorial-rewrite,False,False
D190,D190-single-a,35,38,706319cec4e95989763e3fc0e05b2ce79f271d7477354f3118ed67de9f78c82c,ab0390322f4f3ac2b14a7191c4a43f73d25b3ca4e3a8c10d78ca9af941df5af6,A turns an immediate feeling or favour into an application; each human clarification produces terms instead of direct comfort.,internal-editorial-rewrite,False,False
D190,D190-single-b,37,37,7e981327c9e127f40fc9393779a1f1fb0fb24788f716ce149adf6d90f8865fb9,af9316ff908e6070f9af2045f8994999c91ff5a49ffc005191fff59d7f27f613,A turns an immediate feeling or favour into an application; each human clarification produces terms instead of direct comfort.,internal-editorial-rewrite,False,False
D191,D191-single-a,31,33,38fd5ec7b96d54b1f2ccd74a4d9550d97289143edddcbd5d5410ba4653f48d34,d30251424df81ac71427b205e9bd60021d26ec3a3175cfb05d11d88e7f053238,A agrees only by interpreting policy to protect personal interests; B's concrete task is converted into an exemption or authority.,internal-editorial-rewrite,False,False
D191,D191-single-b,34,34,390f964f0e8b0075f2003538272871c1cd0cd2c6be4c60dedf1bb85097076242,92017d4db5db56a959112ee75e6b145f26540c29d045ab584a09367e39a1d3b1,A agrees only by interpreting policy to protect personal interests; B's concrete task is converted into an exemption or authority.,internal-editorial-rewrite,False,False
D192,D192-single-a,33,36,8d7ad1466806075d1ae0d0f4b8add5f48d24352c3ffd439076d035868699b5a6,0d5e76e7efc07e29fd01b77ce4a0bf9ee34c5ae2e613188a26107cb6c9d9831b,Each minor failure causes A to add another layer; B's response creates the next rule through the same causal chain.,internal-editorial-rewrite,False,False
D192,D192-single-b,30,38,ab91832df91c25a52a7ab82599489866c022bbe9dcdd8a00acc2dfa1be4a9f2b,e234f912e234eb85e3967476c5790d2dba5ea3967aeb4d479c263ba27fd79897,Each minor failure causes A to add another layer; B's response creates the next rule through the same causal chain.,internal-editorial-rewrite,False,False
D193,D193-single-a,36,43,e0500e879a9cdcb9be837a1092b1e2c563198dc78f9a4d26b90a2c4544512820,a50a363ebbe5799fb941139943640765ceca5b3f17d9b929452d93f58f3e8cd2,A requests a precise advantage but protects ownership of the eventual success; B's proposed credit forces A to delimit the contribution.,internal-editorial-rewrite,False,False
D193,D193-single-b,35,44,dab1d99f2fc5d0c82e108cfd19a9682aa0efd88159bbb7e1d25abc093712f1c4,27f15c0376856b12bf8400002eec78ea0cb8b5ae351cb70b3ca1c0cf65dd5c1c,A requests a precise advantage but protects ownership of the eventual success; B's proposed credit forces A to delimit the contribution.,internal-editorial-rewrite,False,False
D194,D194-single-a,31,35,5e7ca98374d579f258e3e2fff0c3631a81abb1b7afeaef4b502903cf6c3b59b9,c571ce1196ae297a105f87c4d19167cfecc3f39ef93f93d11b76fce209c9f04e,A keeps B present until a verifiable outcome settles the dispute; B's attempted postponement becomes a reason to witness the result now.,internal-editorial-rewrite,False,False
D194,D194-single-b,34,41,c85983bd551ff698a165efba686521eed5374da6b7b57cfc021545e945523c5d,308d5d29edb24a25cec31e9e78066701537c2b4ee841d85cbfbcf6a9373a7fa4,A keeps B present until a verifiable outcome settles the dispute; B's attempted postponement becomes a reason to witness the result now.,internal-editorial-rewrite,False,False
D195,D195-single-a,30,39,8e460e981e614d6380e99aae9ac97961c5707ca2c3baeaefd108fb34eeb0130b,0085aa572f858febe4f860aea90908f6c9ac656009494a289ced0bdd0986f837,"A asks for an apology about the unequal condition, not reversal of the loss; B's result defence brings the disadvantage into sharper focus.",internal-editorial-rewrite,False,False
D195,D195-single-b,33,38,12b554077e32329d4285a4309d7f8c7f7df8ded25f9858082cd06108496beef5,8241ae1a71c22e5cb12916eb747de72948be2d7331ceb0b5d2a8f3ef91dbf523,"A asks for an apology about the unequal condition, not reversal of the loss; B's result defence brings the disadvantage into sharper focus.",internal-editorial-rewrite,False,False
D196,D196-single-a,27,47,f591a791e10d9c5fecc9168490013cfc469c7685e80c55bb5bb286116cd6752b,bf9cef70a54e1779dff6324ea267157fca362278f153e49383bfaec0e31b801f,A seeks acknowledgement that the win was earned; B's luck or generosity explanation is challenged through specific work.,internal-editorial-rewrite,False,False
D196,D196-single-b,36,36,cf96ad34d7af170467112ef0807113cbe79942d12bbcffaa631e9284acf94e5c,77a49c17d56b15f6b015dcb577f104dfe5c241fb2d87435a168b6eb9c4d6256e,A seeks acknowledgement that the win was earned; B's luck or generosity explanation is challenged through specific work.,internal-editorial-rewrite,False,False
D197,D197-single-a,37,40,3d927e5ca5bbdf52d8c8064fe3fdd335431e3b8c52ca950318cb60c70bdf5c21,5263d6415c41f28e647c6d0770774de81669f5eaa972089a664f92ce861c2ed4,A makes B carry out an agreed consequence; B's reinterpretation of the bargain returns to the concrete task.,internal-editorial-rewrite,False,False
D197,D197-single-b,36,39,e45276c1b602a0f652ea22a2d8f3093d2f0755a080e193f5e4ed5853841d073e,d7d29926e4760e9d5ecaca33f99f6d3932bf382e9b7f439e87f846e09a4b2296,A makes B carry out an agreed consequence; B's reinterpretation of the bargain returns to the concrete task.,internal-editorial-rewrite,False,False
D198,D198-single-a,39,37,6805a564e9d8f65ff8e9d788f774f8a24ab71caf8f2a5133e8a26b6fc8f335c0,09149da4bcb9c894f59c7fff70a560df917c52ce580e2085ba58516eb819cfcb,A discovers B's real scoring system and benefit; B's vague merit language is narrowed to a current comparison.,internal-editorial-rewrite,False,False
D198,D198-single-b,31,38,a6302724d5f5c64956229c6c01e7a76541a4b1356e38a7dfbd92007eddc9cb2b,05ab5677e816d36e3c5f954beaa1310a10463fd79b51b6e07e96d2916ee5efc1,A discovers B's real scoring system and benefit; B's vague merit language is narrowed to a current comparison.,internal-editorial-rewrite,False,False
D199,D199-single-a,34,43,104e4332a2b08cad3254832874f54d898b9683a6b89add9b38ef912aec663e8d,81c0c6dababd4360f16b269d80673d4c734201fab43bc43a44534a6d22b2c284,A secures allegiance before disclosing full stakes; B's risk question is answered with team membership rather than the hidden cost.,internal-editorial-rewrite,False,False
D199,D199-single-b,37,40,48bc21c06228bea7a7d32c20654ec645c260ddf7fbfa7c0dc55846824710af9e,69d878f166cc707c6f0ce59418fe6d7beb9177acd77285eaee2ace0cb17b765f,A secures allegiance before disclosing full stakes; B's risk question is answered with team membership rather than the hidden cost.,internal-editorial-rewrite,False,False
D200,D200-single-a,36,42,18c865731b2c120edf4a0e2e66deef3d4a2e6bc174a466ecb44f31ff7aa47a19,d6aa5a5985a011209c1382aac9082cc2032fb031edfb547bbf9df8d3add0768a,A seeks consent to a genuinely larger stake; B's objection forces A to justify why the old harmless result was insufficient.,internal-editorial-rewrite,False,False
D200,D200-single-b,29,32,25e10865d89d4b50b9c1158b2adc121120bb640f0ddc3e880522cfda4edadfde,c8b8513cbce1072357343464182dda81ae98286b9df921fd601d4dd61408953d,A seeks consent to a genuinely larger stake; B's objection forces A to justify why the old harmless result was insufficient.,internal-editorial-rewrite,False,False
D201,D201-single-a,32,42,af95e65b6f60fe9189e7932761414e9f1edf9516391a127f25ef156b82335c0e,3281ba93c273d4b460ae2c2d7fd845e2bdd14d07457be2ca9fa7376fdb2740f6,"A wants the exact contribution named, not generic gratitude; B's broad team language is narrowed by counterfactual evidence.",internal-editorial-rewrite,False,False
D201,D201-single-b,32,31,26aadc979745e208f5d349733d1dbe9d32e8e20b20b8339aa2eb68fe393bdfd4,eefb7370e212aeec8f21a59d038db969b1f3d55d0420a7bfee9f50c3f92a06b3,"A wants the exact contribution named, not generic gratitude; B's broad team language is narrowed by counterfactual evidence.",internal-editorial-rewrite,False,False
D202,D202-single-a,34,44,eca4a6c94b7f8b088652280919cb16733cf981efc73b9cc808e3208d592aacfd,7cfbfc74d21d21caa39f219a7b5b21a59cb7ae3882aeea7dab95a8da01c09141,A forces an explicit tradeoff rather than silently letting one value dominate; B's attempt to keep both reveals the actual cost.,internal-editorial-rewrite,False,False
D202,D202-single-b,33,46,ef5e758aa55746699d111324eb74353a3067e5629df431c30af7f2e79710bc00,86c818ed2766de295371517391e2028d6e5c6158e18c71f15c2cec06a5cf8087,A forces an explicit tradeoff rather than silently letting one value dominate; B's attempt to keep both reveals the actual cost.,internal-editorial-rewrite,False,False
D203,D203-single-a,37,45,a4a2e6880b0aa2d556f49f56039891b336637ec7f02415ea782979742c87fbe9,6e2711d2cef9904435bb1152fc2397e82fecf17aed6af2b17408c5bb401325b3,A tests loyalty through a real disadvantage requested for A; B's costly objection is precisely what makes the test meaningful.,internal-editorial-rewrite,False,False
D203,D203-single-b,37,44,da4ddd02b52aef7d6323956548ab567f4ce4a578ae86e0319bd01da97f5d9b98,4c5ee00afccd613e0a35e399356d5029f1ef16d11a72873f3c5e5b43bcd7cc49,A tests loyalty through a real disadvantage requested for A; B's costly objection is precisely what makes the test meaningful.,internal-editorial-rewrite,False,False
D204,D204-single-a,30,40,bde63d0ecf40b616dc8c0ef6014c1b318310bea5e94308c00a5f67a801b7285d,107adba80d19cb5722d6bf0ef41ddfdc7960d548fe84f55b8530429743e06634,A asks for one bounded concession without reopening the entire dispute; B's fear of a larger loss is answered by explicitly limiting the claim.,internal-editorial-rewrite,False,False
D204,D204-single-b,38,40,e11b3832548c99fcce0f8d1a9c3d4fa4547b3d8f2d9a30dba055afd2f487279d,c5fe10d934b453e266368a2e94d6de35da30d3735ae50af949f106c3d56acd7e,A asks for one bounded concession without reopening the entire dispute; B's fear of a larger loss is answered by explicitly limiting the claim.,internal-editorial-rewrite,False,False
D205,D205-single-a,34,42,5941cd5d1c67166afe3b0ee9c222e22c09a26a55d8afa5500d6d44aae20c73d5,bdf0f7e499bf0d8328e273cdeed847b7201187a8ae34124c569bc474dc686116,A hides a specific manipulation while continuing to judge; B's evidence is reframed as neutral maintenance or procedure.,internal-editorial-rewrite,False,False
D205,D205-single-b,34,37,fe32b58373702b48818d190038c04d89eb87b8016a5b1a40dc9062c10b469de3,1e980fc2610e37f7a472a3b006b5fa069854b26e6e7bb1138182ec450052fd5e,A hides a specific manipulation while continuing to judge; B's evidence is reframed as neutral maintenance or procedure.,internal-editorial-rewrite,False,False
D206,D206-single-a,29,36,4432eb9cc82a24564d4f78a434e4b9872b9298f1a32c3eda7ac128cd4ded17b2,5e6254705963ce0487c610123ee4288c1eece85a7ad402c7f23d8f625f81625a,A repeatedly redirects away from a humiliating result into preparation or effort; B's direct question brings the protected number close again.,internal-editorial-rewrite,False,False
D206,D206-single-b,34,33,80843443e035e3c1dc1a9c9f1b1c7200e23b00322cfe1eaa01d109ac7ba68409,e193dd8e4dc88638f08cb3f2e0ae5f97b8ddf3d06eba604a44343c8ef1aebb32,A repeatedly redirects away from a humiliating result into preparation or effort; B's direct question brings the protected number close again.,internal-editorial-rewrite,False,False
D207,D207-single-a,31,42,fa4f21c01f2fff9ef6524445a7b2113eed10c056ebeccba8fc3d51b906e3d137,bb400f6a86239a226518a30e7668c75ae093f56fc6e8437f617fffde085a71b9,A protects B's confidence by hiding a concrete concession; B's suspicion is answered without taking back the encouraging victory.,internal-editorial-rewrite,False,False
D207,D207-single-b,34,41,65cd07ea278b12591b93b0afabe24cfeb7dd3886ed5e8c4d84d9c8815c779903,1106d47619307ea91f556d4497e46ef00cbfd55349b63ec83a0900fb59b8a4ff,A protects B's confidence by hiding a concrete concession; B's suspicion is answered without taking back the encouraging victory.,internal-editorial-rewrite,False,False
D208,D208-single-a,31,37,020d740660f2e453c65cb8ee70576330c860deeb18a72a4ea74bff509c3f365b,c956eb3847e0882d595ae20811ebd4290aaba64e52b83d38533f4063c3ddb84a,A asks B to disclose their preferred outcome before A reveals their stake; B's attempt to read A is redirected to their unprompted answer.,internal-editorial-rewrite,False,False
D208,D208-single-b,28,42,b310f0f6ec509d6d50506807d59e897f0bf20c0faed8fd57da18325fe54cbe97,0f41935246765d6a47a87ccb62b95450b5c22f66d179aef4d1280d2f2729ea45,A asks B to disclose their preferred outcome before A reveals their stake; B's attempt to read A is redirected to their unprompted answer.,internal-editorial-rewrite,False,False
D209,D209-single-a,36,37,b0a0df0e3c57a4ab5ab135d18031e3fe8c53dc4f529d5a5aa0e81c86a32d0dfd,c43eefdf2b5819fb7d5fe694254ba2e7b9c3ec8274d4cf5884585e39a2d8e10e,A sells a loss as purposeful investment in a later win; B's concrete cost is assigned a future strategic return.,internal-editorial-rewrite,False,False
D209,D209-single-b,29,40,a9e31e4bc9ae35fb1031d4a52f73e1c93949efd875a328a3a02b546d640c8da6,9b530b29315a69490a96cb4efe185a652c2684a5028e3aa81a4950e374d45527,A sells a loss as purposeful investment in a later win; B's concrete cost is assigned a future strategic return.,internal-editorial-rewrite,False,False
D210,D210-single-a,33,41,5fcc15d00e19b96f35dbc6abd224f4b606d8a18d3dbf1d3ba2e7f3228d19d810,9887e2a101817196d67262553a24ca3ba4d3753fce51bf5c0a8f81362a6e7b98,A claims mastery while improvising unfamiliar rules; B's corrections become supposed deliberate strategies instead of outside narration.,internal-editorial-rewrite,False,False
D210,D210-single-b,36,34,efcd919a01cdb853a61be3a98f7c19e7c534ab812d2d19509db88ac2ac6e84d1,94c95b19c8f7682762bb8f2b86a4bd26a2871d2bb8aefa7d3796d6e51f55b82e,A claims mastery while improvising unfamiliar rules; B's corrections become supposed deliberate strategies instead of outside narration.,internal-editorial-rewrite,False,False
D211,D211-single-a,36,42,47dc433aeeb3a2c1cd7d91b2192c90c82ba1e740e5ad8421a468cebc24913118,6c6e042ec8213314ce745533c2eff41260af26ac62e2a9996734379668609e49,A refuses an even result and invents a costed deciding round; B's acceptance of a tie generates a new criterion.,internal-editorial-rewrite,False,False
D211,D211-single-b,34,38,b0b8413642074cefb51cc7f6a7f363ed74e0ec6b5737ff8d72266ab9611cdf86,9c1d956b1c447926100e5d5fd5833764bb4dcedbf25f0caa4ca2a094cfb7b4e8,A refuses an even result and invents a costed deciding round; B's acceptance of a tie generates a new criterion.,internal-editorial-rewrite,False,False
D212,D212-single-a,28,32,c6e3d69baa821db39338e863a0d19a18bf5ccd3861b49cc192f66d369208d363,98377a5a60918b78371d1b8ef154e6f54d1aa73c5a413a00fce2e08b578a7703,A sees each defeat as future narrative value; B's increasingly terminal news produces a specific new comeback possibility.,internal-editorial-rewrite,False,False
D212,D212-single-b,34,35,c8947eaeaad4bfbe164e18e83713fbb6347be14f78571e5b04485ad6ff860b0b,bf041d41bedc3ab3f11215283e210d43a68e88f9e32467f5ba53bc71c12cdc3e,A sees each defeat as future narrative value; B's increasingly terminal news produces a specific new comeback possibility.,internal-editorial-rewrite,False,False
D213,D213-single-a,31,42,25b4f06a064eebea54edb7e98838b174fe1b7ee1f6f973602edebaa94c0949be,e99a1e05e94a22b58a78899becb61d93fa36d8196f61bbda07d0977a57cbcfb5,A's congratulation remains ostensibly warm while resentment sharpens; B recognises the barb and A embeds it inside further praise.,internal-editorial-rewrite,False,False
D213,D213-single-b,32,40,7896d7d6bb8d836e1e084f960633ece39b66fa8d701dc583455dd02408133fa2,5dae58bcb015eb1f6100b458f031f5cfb10dcfe63b31f50dff73c8af9bcbe2c4,A's congratulation remains ostensibly warm while resentment sharpens; B recognises the barb and A embeds it inside further praise.,internal-editorial-rewrite,False,False
D214,D214-single-a,40,37,8909300fdb4b0dd189b1e221663218f1848c988f3494efde258eb5c6850e0a9e,60a432476448c57fe328a88db4bfb93df872886216794f39b0097885a5434589,A attaches a payoff or price to each ordinary request; B's appeal to friendship is itself negotiated.,internal-editorial-rewrite,False,False
D214,D214-single-b,32,36,80f35d3d536b7950a52f12a03a52f6ec03b4099f43a288ceab9eaf443ca00f12,5ebbdf431c4d2e26fc3201393531917eb69da0fd41b510cd940261006c91ec72,A attaches a payoff or price to each ordinary request; B's appeal to friendship is itself negotiated.,internal-editorial-rewrite,False,False
D215,D215-single-a,30,37,1f107aeb5c3f9388e7f0643718caba85322b530cc9966645d45c24a02b0421f9,eb0a1a6d52905152e92137d61062ea31236d8199d8e3137313ae4c7d60a82409,A accepts fairness only after adjusting it to preserve personal advantage; B's consistent-rule argument is absorbed as a reason for compensation.,internal-editorial-rewrite,False,False
D215,D215-single-b,35,39,7ce5281fccd274e486ffd3ba36930749b31a8c87838a74ada8782d585c4f2b31,d11fa0552bba2e4bb965b4836fa2cb7041f5a0ca995a63c179d27abf698332da,A accepts fairness only after adjusting it to preserve personal advantage; B's consistent-rule argument is absorbed as a reason for compensation.,internal-editorial-rewrite,False,False
D216,D216-single-a,31,32,6e43d86dad4b8fe2fcbad605ff10c5de11e856d2375eba39b27a17e6ab9de957,022cfc3a0552ad65dec7dcfa57aa10824cab4437bdbf3a28133ae7c9ed27208f,"Each decision accumulates a concrete extra stake; B's objection makes the audience or consequence larger, not unrelated.",internal-editorial-rewrite,False,False
D216,D216-single-b,35,41,f45cafa2e7f417af3fb0493ca26b47cef1a6ec2897b6804ff9a4d6b65c011fb0,7dcf838d7742bb3484e7e079a40680b8f3162ae979f11ec3be034cb4f716123a,"Each decision accumulates a concrete extra stake; B's objection makes the audience or consequence larger, not unrelated.",internal-editorial-rewrite,False,False
D217,D217-single-a,37,51,72371b2e8063a7d51d52c4eacf875362bf764c31c6876dbb1de31f099608639e,eac4a98088801b2d712580af10620a33c3fa390d34df6af72bfde8a7444f8807,"A seeks help in a form that changes the relationship, not simply task completion; B's style of help becomes the next negotiation.",internal-editorial-rewrite,False,False
D217,D217-single-b,36,41,dcbe52f813cb2b8163889e2a62e3e880990ef324ebe58d37a31edf97ed2bafb6,10d1f83655144f217ad26f8f00b35d603f6453ef596600f003699674592abd2f,"A seeks help in a form that changes the relationship, not simply task completion; B's style of help becomes the next negotiation.",internal-editorial-rewrite,False,False
D218,D218-single-a,39,38,f7f1fbb08305f5ad2cec38a19eb7ddb4414773a814345fd96d5746a324606e91,8a597516968efc550299ad96a60cb20f414775cdab24c4736cd36187ac21a394,A returns to the original reason for staying and reveals its emotional meaning; the final beat reuses that reason rather than adding a chore.,internal-editorial-rewrite,False,False
D218,D218-single-b,40,40,2cb5901a5d9a1c9fbc4dcb4b6f13b5a285b098988c27c73e8c5296e950a4a97a,2144245ab37e0f963f72a6062f4d8241dce7101d6742bce8628aff5354f78b53,A returns to the original reason for staying and reveals its emotional meaning; the final beat reuses that reason rather than adding a chore.,internal-editorial-rewrite,False,False
D219,D219-single-a,37,41,70f33c3f9e3470d2a00ca5ea5d233122cd5db3e8fbb5dd7ad2aa5e9dd131c5b2,b4e19e81ac24a8e0200b9ac3dc3fceec478b0c323045f1244263bcc04531d450,A accepts the first apology and reveals a related deeper hurt; the scene expands the same offence instead of inventing a new grievance.,internal-editorial-rewrite,False,False
D219,D219-single-b,35,40,e52e4f6bff985e860b512e25efeaa48e32bacea82889cd6670d037045bf55855,6f231ca90577d3be28086ba93f25f49f4e51227c8313ba22f64d00d1ade493e2,A accepts the first apology and reveals a related deeper hurt; the scene expands the same offence instead of inventing a new grievance.,internal-editorial-rewrite,False,False
D220,D220-single-a,35,38,a070f89c0563569159b60c65c0a4d1271bf52fede50d547b67ba3759f1fb8c5b,370bbda4deafe0e1e1e29525ec81078f457d1e1cd5350b69a4959024d2078597,"A obtains approval for a small version, then reveals the consequence of that precise yes; B can object rather than being forced to comply.",internal-editorial-rewrite,False,False
D220,D220-single-b,35,35,55558bfd59b90b040f6eb3e3a89d4070a51d23fa9945481b04d159e13f33db20,ffd506041694b48e621f75c4520797fdc77817699ddbae560a7ed492b6ef9409,"A obtains approval for a small version, then reveals the consequence of that precise yes; B can object rather than being forced to comply.",internal-editorial-rewrite,False,False
D221,D221-single-a,38,42,c002ac5272e80adaf3a9b5ca1b364ccc462a34eb248f3cca6ff235cbb74ea89e,8ec718af2bff1ad163190ecb78fa51eb36adc14ae3e42786258a1a83b4545abe,A reuses B's earlier wording to establish responsibility as already assigned; B's narrower meaning is tested against the unfinished task.,internal-editorial-rewrite,False,False
D221,D221-single-b,34,36,ef4ed3b4dbcd4955a341137dd97ac72632958674f5d6249ac662f5cad8b75a6f,6074326b0ffa1b146ecd72f118f49b0aa6286e69dc53506ac59db37f0b36468f,A reuses B's earlier wording to establish responsibility as already assigned; B's narrower meaning is tested against the unfinished task.,internal-editorial-rewrite,False,False
D222,D222-single-a,33,40,ac27b06e322d253d2a20edb8fac92394960e34f0fbce5d9a80765e341797e774,92cf399f933e63b9efd465183802a173e61c48a8d86d3227c7094636cf8aec91,A circles a concealed fact through its surrounding evidence; B's explanations create increasingly precise indirect questions.,internal-editorial-rewrite,False,False
D222,D222-single-b,32,41,1d992f59b194eb10a0b1769b3dfd28990592cc380a10f5098df1e2a27186d015,e16c63a279be0eefaa929f05d40b140f17bf2994773f17b52f365df27f1c7854,A circles a concealed fact through its surrounding evidence; B's explanations create increasingly precise indirect questions.,internal-editorial-rewrite,False,False
D223,D223-single-a,34,40,87e7c591cd5518d1e3312b5179e3470ee47e4b9e40adab827d27bac974c5d3da,b6f9ebf424d32ea375172b85e31afd62220f6a1e143a5dd1f8789339f377ca8d,"A recruits B into a credible first task, then seeks renewed commitment after changing its meaning; B's first yes is not treated as automatic final consent.",internal-editorial-rewrite,False,False
D223,D223-single-b,34,35,1ab584df375851c9fe969135d5a3c20af90eea6fe0197ce437dc036d0d53eb49,1fb7d6800277427770d12e0cfe2a899b5b83cf9dbccc625bf3c13c89a17ce8ea,"A recruits B into a credible first task, then seeks renewed commitment after changing its meaning; B's first yes is not treated as automatic final consent.",internal-editorial-rewrite,False,False
D224,D224-single-a,35,39,a34eadaf1f50017c6efa7627b78d524b5aea357a7635aadc79023c408e37db8a,fa1a1eed27bed146789d28d5caf3f6a29a8e3eb968190f6844fb01a4c67e3c8d,A starts with a small consequence that reframes the larger risky commitment as protection of investment; B notices the sequence and can resist.,internal-editorial-rewrite,False,False
D224,D224-single-b,41,40,8335ebd0436f406331681b366cb36499e2c89cdb42a559494356cc6e0536b8b3,0421cda73756223fc1eecd1542d6786d2a2c8e6cf65c5eb3d7234f6f57ab3a06,A starts with a small consequence that reframes the larger risky commitment as protection of investment; B notices the sequence and can resist.,internal-editorial-rewrite,False,False
D225,D225-single-a,34,42,c694590833c9b31808dfc5672f78b5221b4ea75d20dcd5bb3f5458621a879886,eefc4f4e4a5a314e77cb51236b7d0957ede17de5542c21a1c9c59b82e700becb,A returns to a specific overlooked contribution only after it becomes useful; B's new recognition makes credit timely rather than generic.,internal-editorial-rewrite,False,False
D225,D225-single-b,34,39,9467080bcb5f7ed78cbc8ee9c281fd419d5dc42b9838dbd367de49368fa638f2,faeb80d8ef923eb52772167a319f249b96dd339443cddd5ae38f992861e32b17,A returns to a specific overlooked contribution only after it becomes useful; B's new recognition makes credit timely rather than generic.,internal-editorial-rewrite,False,False
D226,D226-single-a,37,51,807a5f4c6401ebf8c15cd67df690ac216fff77ebc65e8de1ad8c53e5f544715a,e20d2b44d54c8c9ba5155a216ac5c9e34d8ec73ff52309b9b4a3aa18435eb14b,A presents a present choice whose consequences assign meaning to an earlier statement; B remains free to select the interpretation.,internal-editorial-rewrite,False,False
D226,D226-single-b,33,43,3fc991f5dd607f80e602a6711be1f1f1d0e86fc176dc747a86690b96d31d9ed0,ecf172dfca93ac04a064f1e6d70ebce0b6024bb684045c9c6a9b540696445f4c,A presents a present choice whose consequences assign meaning to an earlier statement; B remains free to select the interpretation.,internal-editorial-rewrite,False,False
D227,D227-single-a,40,39,21fd2b1d9c50faa537dac2882c0ebd8a22dfebb0fa42550a4fd4984da6bb3c84,0a664e8394a821f97bfe27aeefa707b141c9078d1f432be3d59c63bedd7eca6f,A's loyalty test exposes A's own unwillingness through B's reciprocal question; the final turn acknowledges or defends that revealed asymmetry.,internal-editorial-rewrite,False,False
D227,D227-single-b,38,39,35c04e2d63d1576d7030bcd6b18c40e86fc08fca16f8e40e724d5b3c3854bfbf,24a37bb8dd4146273236bc30f91c24a7b073a663fbbabfc39c487bf1c740c004,A's loyalty test exposes A's own unwillingness through B's reciprocal question; the final turn acknowledges or defends that revealed asymmetry.,internal-editorial-rewrite,False,False
D228,D228-single-a,42,39,54b9391cadca4b69989ad8024a207d529cd8d87571acc39c83f81be41e688a7d,7804e29c6f555253961f879e5111c7d392dd532b5635724a3676416e49a0c3cf,"A obtains a bounded concession, then applies its logic to the larger dispute; B's distinction becomes the next specific point to negotiate.",internal-editorial-rewrite,False,False
D228,D228-single-b,32,37,79c7195fb07be4d81167876170a6c3ec6d40be059f56bf19d2aff41e63b59ff2,9a1141f1c56cb04779ef69683dd53bb1e243bf010ecf7a2c0076f6c296d3d429,"A obtains a bounded concession, then applies its logic to the larger dispute; B's distinction becomes the next specific point to negotiate.",internal-editorial-rewrite,False,False
D229,D229-single-a,33,41,6541fc1e24ed528d8ddc858d78d635a4c738bceebe12ec13f6fba4314f5e5527,8a16c784f75a4e13a96a458f91c36db818432bc061db52c46de18990044bc3de,"A repeatedly attributes consequences to the same harmless opening detail, avoiding the personal action that caused them.",internal-editorial-rewrite,False,False
D229,D229-single-b,37,36,9acc49e8c8d953d8999705f5d4999802ce7e123dd5848c59242b37d9c1f3937d,ab044a182ec8e3e836127911f84dfd602abbc06e8e0295e8908c9466ba3a8c66,"A repeatedly attributes consequences to the same harmless opening detail, avoiding the personal action that caused them.",internal-editorial-rewrite,False,False
D230,D230-single-a,35,46,04c48a3051424492ca991df147a8a6165fb22dddbdf80e6f7812280fe046b3dd,753e878fa5163199c95bb4fc1e14babaa6cefbd0ab7c4879c522d261405f19b8,A genuinely answers an earlier safe question instead of the current dangerous one; B's repeated redirection supplies another safe answer to revisit.,internal-editorial-rewrite,False,False
D230,D230-single-b,36,47,0c5dc2dd94422f1d09947bf8e121660abd75622597650c5bd06f615a44e3b7cc,7dbec9484fc6282753281293ab160fd763edd73c39c78c05d6610bcc31a94a69,A genuinely answers an earlier safe question instead of the current dangerous one; B's repeated redirection supplies another safe answer to revisit.,internal-editorial-rewrite,False,False
D231,D231-single-a,36,37,c634bca3a4e42e317e3bba18cca51b9b58e045b4f66a8878a53c608b16652de0,e8c24f0ae52d64b45baa83999602d55fe9d7085e2cd245cbf8af0637f8e0085e,A protects by disclosing connected facts in stages; each new detail changes what the earlier reassuring phrase meant.,internal-editorial-rewrite,False,False
D231,D231-single-b,39,39,14f9e6378386ceded4ce843b6bb142642f01de881e5a3b17398658d99ff2e068,38a8d213149605a46df0ab2573cab20d13a94393c2cbaf9550f5187fbd0ca688,A protects by disclosing connected facts in stages; each new detail changes what the earlier reassuring phrase meant.,internal-editorial-rewrite,False,False
D232,D232-single-a,34,40,db19e3af0bfc394db5438a3357466a32dd2a76099e88564a228107a425a4ddb6,5521ceb8fdd14988ae8d0f3f84cc1af0624326275303dba55373b1375e2aaaf1,A's partial admission creates a specific reciprocal gap; B's focus on A's guilt is acknowledged but directed back to the missing contribution.,internal-editorial-rewrite,False,False
D232,D232-single-b,37,40,9a32f9ce8b1cdd89d5de16a0f5c759a85728a2d9f27e037afbff244a10b63ba5,7e21fbd6aa0d3cf9ab0cd5706d670af41475b1b87f6dc3a0a5e093ca90dc2709,A's partial admission creates a specific reciprocal gap; B's focus on A's guilt is acknowledged but directed back to the missing contribution.,internal-editorial-rewrite,False,False
D233,D233-single-a,38,35,c1c9f38b70592825a097fbfac98c0e6fe14723ae3293655e9790b2427fbf9205,482c74efa2f8b06fa50e5c74db311c1e382c5fb500e7047587dee106798453f3,"A uses an earlier warning as supposedly planned foreshadowing of failure; B's accusation is reframed as narrative preparation, not denied evidence.",internal-editorial-rewrite,False,False
D233,D233-single-b,29,45,4db71a46087328528dfccf3e2d6d3b47ed523de6924d0f683a7681df22c018fe,88c5941844d0ba3a67b98efc966e6711078640d4aee6e716e82d0e1fd8c3399b,"A uses an earlier warning as supposedly planned foreshadowing of failure; B's accusation is reframed as narrative preparation, not denied evidence.",internal-editorial-rewrite,False,False
D234,D234-single-a,32,42,a3249629de363f6c7da8f417adb5911a5594609cf6b17c81a551c0f727aa64b7,bedb5db1dfa2da7ea429af6b60c3289f484eae441376a6c31cdb05b1a4d37c66,A turns earlier vague or wrong words into precise retrospective predictions; B's literal reading receives a new interpretation.,internal-editorial-rewrite,False,False
D234,D234-single-b,28,41,95fc53a78152c64c1a4dfdf79f520c14637466c3e983d8b393c7fb6c04942901,05a048ff6c31cfc946f1b37405edbcdc660e85940d79ac9e034965bc2a2e8763,A turns earlier vague or wrong words into precise retrospective predictions; B's literal reading receives a new interpretation.,internal-editorial-rewrite,False,False
D235,D235-single-a,27,38,cbcb4d218fec001b46f4d8c92a555c0065244959a1f1463f8f0012a6af45c560,797162d9a79008a60039c54e4c2c36837642cb2b3b8ba73af8388c6bdff67c15,A changes the category after losing and invites comparison on the new measure; B's challenge produces a further related reversal.,internal-editorial-rewrite,False,False
D235,D235-single-b,34,36,d66a44f44b423e14c4b62d4d1c1505ad0729e79baf6645a6f8fcf630b598e95b,1eb922fc70e4806d67e407d6dbfd991831c8ff0281be67e5e021a9dfe2575dc6,A changes the category after losing and invites comparison on the new measure; B's challenge produces a further related reversal.,internal-editorial-rewrite,False,False
D236,D236-single-a,33,45,b11b46b4aa7c44cd4c4f5874e57b7032a531c47efe01827894de2a462b95bb63,927461f86aa06a1b4d02ffbe95ef23de4555d85e2f6de2447654d1fe8f5dbc2f,A returns to the opening hope and broadens its meaning after setbacks; each revision preserves a recognisable original aim.,internal-editorial-rewrite,False,False
D236,D236-single-b,37,37,682b44f8b4553f7b4ec7af7db4d2e56e46bb24e99d946c5205cbd1766ff2aa5d,7c95edc6df78341a5f9e95790566e764df899435cd7ea3d17c880bc2fb673fa9,A returns to the opening hope and broadens its meaning after setbacks; each revision preserves a recognisable original aim.,internal-editorial-rewrite,False,False
D237,D237-single-a,33,48,829b624d699ef34e1c09d178471b0e55f43d469d5bc0407a95b7b6524b5f1618,23348fbf857a2f6795b043c4b6c6314e16c65417ee5620b74d0e1dbac18ead96,Warmth grows while wording sounds increasingly final; B notices the goodbye and A wraps it in further care rather than a unrelated threat.,internal-editorial-rewrite,False,False
D237,D237-single-b,32,47,c1de3f90f452da15a57c8d328322f000cb231be19168d20de48cc59468c1adfa,19beecd82585b2572eaad1249aa16c9c8f082eaa344b7bf8428369b9640b3e94,Warmth grows while wording sounds increasingly final; B notices the goodbye and A wraps it in further care rather than a unrelated threat.,internal-editorial-rewrite,False,False
D238,D238-single-a,36,44,2b083f14aeed3c359f8ebc7c70bb64f04470b0f52a22cf90f2897965aa2c8354,abe375dea31624a3c159bd2954be18ed20cd427d5b0e9fe4e20baab95726ded7,A gives each offer a practical and relational price; B's cash solution makes the emotional cost explicit rather than interchangeable.,internal-editorial-rewrite,False,False
D238,D238-single-b,35,42,3d674dc3f0b304a1e2cf727f4094280bb58f2a438c3662b09261da8d14a71636,e75dc32d25660a396cb2c8d9eba24f835d296b3a88ef4fab4248f66226ac1bfe,A gives each offer a practical and relational price; B's cash solution makes the emotional cost explicit rather than interchangeable.,internal-editorial-rewrite,False,False
D239,D239-single-a,36,41,a478cbd9e5137649d04f3865499a0b75b8a6540262b0ecaf02dd174c272eb490,d479df935207816528afc6ccc45b8155160c8f2b6a44815914e3bcb4460578ec,A returns to exact earlier wording to limit an expanding obligation; B's paraphrase is tested against the remembered sentence.,internal-editorial-rewrite,False,False
D239,D239-single-b,32,35,3a8eb63deab51d81d792cd73e71169c00f6852de5b27b20e97c09b90fe83a5b0,eaa9fcf45f39980edd9f0f77de8f6e1c5da87fab169d2f45c8feef83644fcb13,A returns to exact earlier wording to limit an expanding obligation; B's paraphrase is tested against the remembered sentence.,internal-editorial-rewrite,False,False
D240,D240-single-a,41,57,4badead22795e5c7330246cd811cf26d61513e440caf1cddefd4185b021b3ca9,076c41ef431a0579cb271164e1c817d4e10f61d286f19a75279fefda54d2741d,Early details return as connected consequences rather than a random inventory; each callback tightens one causal problem.,internal-editorial-rewrite,False,False
D240,D240-single-b,40,57,d90db7f11b59500ff48591dc9d266348ca8792d96333323ab5d72558bb563f1c,1f2be2420abb7482d1358884a839a3bead985e9f74fecf7c0ae6b5ddca85df75,Early details return as connected consequences rather than a random inventory; each callback tightens one causal problem.,internal-editorial-rewrite,False,False
S01,S01-single-a,36,28,2333436f6ee101ef81a9255f82466a6e749f41f9bf23d1f8d273e7d41546e603,e021bd65016e210f9d22b7e5519956d565a26e8703c8ca4eca43dfeaa0063265,Approval is imposed on an ordinary peer exchange; B tests whether A claims authority even over independent choices.,internal-editorial-rewrite,False,False
S01,S01-single-b,41,30,7c248eba6fbdd4ea0d92853eab53aa789a725d86c405b05fefa498dfcc58a456,0e29a75dade9b295068df940634818a6b981ee4a98b59c321949f15040dbe7b2,Approval is imposed on an ordinary peer exchange; B tests whether A claims authority even over independent choices.,internal-editorial-rewrite,False,False
S02,S02-single-a,41,38,a94dbf05ba52d820a38ede4aa31b371b16149f395029d7e1f16ce55e2f948afc,689f7fc5889ad36f8176faa283b3d2004f8bec6d96b86f7a8ffba1abf7340b06,Apparent command depends on concessions; each objection costs A another piece of the rule.,internal-editorial-rewrite,False,False
S02,S02-single-b,43,33,7ffc1879139e6e84f307a9a969bdbc652987fcac0527cc79acd8ae5da1263c7d,b4c9f69663f93a8ef7839777d63418931ccc506fbea4032aaa128b5f71b2cc7e,Apparent command depends on concessions; each objection costs A another piece of the rule.,internal-editorial-rewrite,False,False
S03,S03-single-a,33,39,f780b7d32a0987e274c08ea37e5e2ac738439011f7ef18c8e3feb19dddbc6713,4ac95f3eb904c00c183de22cb2a23258ba01c6259e011c213a66df5cbdf5882c,Specific corrections escalate A's strained professional patience instead of merely declaring competence.,internal-editorial-rewrite,False,False
S03,S03-single-b,39,33,e5a203aef91f90a4fa38018fd0753992661b0fef57ac457662bec73b1d982478,a9f34fe3d3b104ec021d9ebf02754f1607535b02e26d6db3d9f1d4864fa2e805,Specific corrections escalate A's strained professional patience instead of merely declaring competence.,internal-editorial-rewrite,False,False
S04,S04-single-a,32,31,ff2cbc18cada15283963f12fb5abf2317edb1129a1bbda9b2094d7ba857f8c6b,f9a97467ca0f0737f2df27af9fc82c63783f844b3c492cd5208ac5ad610ec8e9,A copies apparent expertise and rationalizes a concrete mistake when B reveals the convention.,internal-editorial-rewrite,False,False
S04,S04-single-b,38,34,7efd423a7a347560284f7c45970ed663a6e63ccb482e3af590affdcaf6d98601,4f5287db52573a9eed1e6a2c9d44f7fc4a43210c44657871ba54f4d0b5e60112,A copies apparent expertise and rationalizes a concrete mistake when B reveals the convention.,internal-editorial-rewrite,False,False
S05,S05-single-a,44,40,770502f5c345e86d263c6336d713149f574ad1b2abe689c1361de465019a2859,f28f0a09f141feb68de09f35d2857ab521adee59582deee0c5fd9903cc5bd757,"A turns B's adult achievement into evidence of A's old instruction, then claims authorship of independence.",internal-editorial-rewrite,False,False
S05,S05-single-b,45,38,fb4dba20dd01edf665a5f605c4bcad5ea823597d0f19b86081022d34f69c371f,d990cfd13c7b2bfaececfba77d555647eeeb781e572b9bffb5c73e3b00d60c6a,"A turns B's adult achievement into evidence of A's old instruction, then claims authorship of independence.",internal-editorial-rewrite,False,False
S06,S06-single-a,44,34,38543cfd807518c23cac5fe33c25145d2282c5b0f566a24acebd32253222f273,ced8a5ebc1e78702cb72684f7434d6550a52f5f6115a2d3fac9d140bda4e8732,Modest language contrasts with decisive control over an actual resource; no partner compliance is assumed.,internal-editorial-rewrite,False,False
S06,S06-single-b,35,37,54a7aa0f1832c067d2e9ea1559b2ab8663006f561f5304baea513bf97dcc6968,b5cc86fbbab07c7de30fea88ff96c2b879b7fe16e2fb2ce57697c9dcec7edf14,Modest language contrasts with decisive control over an actual resource; no partner compliance is assumed.,internal-editorial-rewrite,False,False
S07,S07-single-a,38,34,a9110dc3b0a0e1901cfdcbd35586b30f37af846a259988523681b57651ca1a42,698983b48c96594a9e5985562ae7588c2d0479e1588193b4e0664eaeede54532,Familiar details puncture status while A responds directly to B's increasingly formal requests.,internal-editorial-rewrite,False,False
S07,S07-single-b,44,35,bf715a6df8660a5733af7e66f687eeeb16c538166709c0dc3e6bb16034b97b80,52556027db0b2f733a108f004622439d070c4c34154f95297a121494d36c46ff,Familiar details puncture status while A responds directly to B's increasingly formal requests.,internal-editorial-rewrite,False,False
S08,S08-single-a,48,42,6e7f5d7f939cf3e05ce4de22e32502d0f47f58898b646ffd84ed7716d097ba9e,df6e35c4799819ce811cb5c5a2cea44e458a5d31d9db27ff93f63acb023b8820,A converts a small past favor into an ever-expanding claim on present recognition.,internal-editorial-rewrite,False,False
S08,S08-single-b,41,33,12998d9cdc6e0d5cb5c7471e8a1e609f2e2a4cd7ac0d09c914b3909732143656,395f86d4712ffc7053bcd938d43983192f6f92269fdd318c9e8564247b9eb404,A converts a small past favor into an ever-expanding claim on present recognition.,internal-editorial-rewrite,False,False
S09,S09-single-a,41,36,a2867312fc3954f45bbf173c4bd40a7912b4a56e0ee6ac4192cb96961f971f02,664ff1e56f709f76246ab65cb1f06c4ce33f3deb46d83c1929a1d24a14197e42,"A creates unrequested solutions and resents the labor, including the labor of allowing B to help.",internal-editorial-rewrite,False,False
S09,S09-single-b,41,38,aa6dde0968073b64ea303460569cf3b59ec1fa843bc641f38ea1ac0213545438,0a56633bbcbb52f8cb7dd39e32342f873c32f87ccec5bf5f04a3e2aa709e06a6,"A creates unrequested solutions and resents the labor, including the labor of allowing B to help.",internal-editorial-rewrite,False,False
S10,S10-single-a,35,34,2b3f746f1490e3896b08dbedb4a60c691e4bbda800adf9f404fedb07ca146186,d6420f6aca36f5661ffbe0a5125aba34798868be69ee601cade7bb9509c35846,An innocent comparison is converted into a measurable contest without forcing B to compete.,internal-editorial-rewrite,False,False
S10,S10-single-b,33,30,aaa69d9f2cb087f82229ef9f67cc7885105f530897c59f2e4e61c78a52516272,787d9ab214fb5ad9bfcb7251ee7adc2afec8dbf892ae8be7be603e457043bcd3,An innocent comparison is converted into a measurable contest without forcing B to compete.,internal-editorial-rewrite,False,False
S11,S11-single-a,44,33,128ac149634315f40a31ad84ee9bf89fe08a00b103993260c5ddda5f36a5439f,87f7cd3013fcac33ed1e35286f5b40a13ad9416cc6e7fadf487960f4b8225650,A disguises dependence as verification and cannot use an alternative without consulting the trusted person.,internal-editorial-rewrite,False,False
S11,S11-single-b,47,37,273774c3f97ff562144aa6c8165eeb528770154fa6698b8646c430e34926aaf0,fd44e78b30647bf507cabca59b1cf7a7e0813876843c04eaf73c28f5cd4d82f6,A disguises dependence as verification and cannot use an alternative without consulting the trusted person.,internal-editorial-rewrite,False,False
S12,S12-single-a,36,34,749d6229fd0b9f0ccf537dda902c24b7afb69b903f552b54835fdfbdf16dbe45,9a0dd0d6c68e646a2a4761700d76933214a30968c154b52a4a044ad8e540c146,An ordinary cue activates an unnamed shared incident; A's precautions reveal its continuing weight.,internal-editorial-rewrite,False,False
S12,S12-single-b,35,37,e89a72c49a30a9c1e8686ebe18b6f06c1e6de548afc891d2eb6521c007d8a34f,854615a862988f20a829b3a52c590daa10548e0bb1291832f4b46215e4ba55bb,An ordinary cue activates an unnamed shared incident; A's precautions reveal its continuing weight.,internal-editorial-rewrite,False,False
S13,S13-single-a,38,36,8cfa346c048cabc1047eba4abfc388080265ea6e15ca1cea711169e4bfcbf631,9df8008e9544e6abe2f659cbfdd33f55f50835d5986908b07f5b34495ea85a64,"Praise becomes imitation and one-upmanship, but the original admiration remains audible.",internal-editorial-rewrite,False,False
S13,S13-single-b,35,39,f747856e555ce3e555a6b7259722441cbe5ff5e148ac4b1c5d5d27a0791297a2,ebaf4de938b0e12d79266feeaaf44d8a2da8c3aab8556803bc424da50b68f24c,"Praise becomes imitation and one-upmanship, but the original admiration remains audible.",internal-editorial-rewrite,False,False
S14,S14-single-a,35,36,49a75e0f6257684aa77ce45fc7f6c2a86ded5cf04c6f557ee5d6e26ab86d656f,3ade90ad68d041b163d6cc9aa99061f3d5e24c4dc3c8e99c3fd325a8ffe36d3f,"A protects an obsolete identity when practical facts threaten it, using the new limitation to defend the old persona.",internal-editorial-rewrite,False,False
S14,S14-single-b,39,34,883eed04e6ef77abedb71413863ad5015cb7ed5d7c7dfa25adc14b26609a51a5,4f555a27ad6b80546dbdb0cae097008be00d8163dac9798f98223f69c5961371,"A protects an obsolete identity when practical facts threaten it, using the new limitation to defend the old persona.",internal-editorial-rewrite,False,False
S15,S15-single-a,45,38,49c3c4437ace24364fe92c94879cb8ea687a644fa4e78deb45ea44f2aa225203,0a54f13c3235e839c193f07ff6dc855f1aaae222e83b12b5d11b9ab19cee9985,New accommodation is read as replacement; A turns usefulness into a claim on continued membership.,internal-editorial-rewrite,False,False
S15,S15-single-b,42,33,4e6664d06d277cacdbacbeab850ebd37cf6930ca82bfd252cf05cecf483cde2d,b3acbff60f944e9e59e54aaeca097818c5756c9c8226d6014836f7ff842cff48,New accommodation is read as replacement; A turns usefulness into a claim on continued membership.,internal-editorial-rewrite,False,False
S16,S16-single-a,38,33,7c6241d4e520cd870a70b594f1d1e6f52235530d61d2b4595606b005792f0bb7,0753210107d4cd72a3f0ec2179548b4c7d086eaf194921c5514512e67fdac25c,"A treats preference itself as proof that B needs A's protection, escalating control while claiming care.",internal-editorial-rewrite,False,False
S16,S16-single-b,40,32,d52defab9b9ee40e32b8b29ae19361f12c4dd59225b2541f483dfccd3be82a00,25cfee02c57d19c2787a75318b8a028bfe2af3e28b21da3c8532080a2099fad4,"A treats preference itself as proof that B needs A's protection, escalating control while claiming care.",internal-editorial-rewrite,False,False
S17,S17-single-a,37,35,ddfb4cf914d49b77e2cd4cf43c999420b620728b8fb6333557543f992c27dc76,58cc2ab5c49ca73616733a7a6708835edc476f0917c009e3806f11b6bb2a8f16,A denies seeking approval while visibly revising the exact choice B comments on.,internal-editorial-rewrite,False,False
S17,S17-single-b,36,34,9071bd2ad3ab3125a1deb50734eaf4fd8b1fe8e201207d087257ddbc2169f1de,f00dd8c959af6323a5d58c85274524b6e7cf941fbaa6034b0ccf206c8f5ae033,A denies seeking approval while visibly revising the exact choice B comments on.,internal-editorial-rewrite,False,False
S18,S18-single-a,43,38,1e7d9767d2ed19078163a8cf664ac8daad1399b531a555ad7d328ff43b789945,1985c2aa713073535ab290d9a7abba8588883b2aa6eaf2f65999df57562e2862,A arranges increasingly overt opportunities for praise while denying any request for it.,internal-editorial-rewrite,False,False
S18,S18-single-b,40,35,47342b0b94b906c9bae33d51823f557a63596ddeb207d4f62fe88f0d28e05249,07c2ec363164341d4e2bc7de58223d3ffe91a59b216b588302e8401b6c39759a,A arranges increasingly overt opportunities for praise while denying any request for it.,internal-editorial-rewrite,False,False
S19,S19-single-a,39,30,769e5b0a097a936506c7e08fdbd19b638a3eaf99255df05884dce83bf9b1f3cc,86354999b85dbf11a7560856492bf51ec178bb111f510fadcad69e94af2feddf,Ordinary steps acquire ceremonial meaning; B's convenience becomes a threat to ritual continuity.,internal-editorial-rewrite,False,False
S19,S19-single-b,38,32,85da01f68424c3fa0fa0087a3c2242e4fe0486482210f145afce818556c96281,a4b56f5c844a21fe93d1e818178de5d03b3966101063b0ebf27498f00318565d,Ordinary steps acquire ceremonial meaning; B's convenience becomes a threat to ritual continuity.,internal-editorial-rewrite,False,False
S20,S20-single-a,42,36,20f5bcaa20ca16d498c5e51a42278f1d491583e8b939c91483b01ae4682a54c5,212913a68b0f66509e55619e205f4764849c46744cb6bad03b8dc2e42629d7e3,"A escalates precautions from a tiny factual trigger, not by merely shouting that there is danger.",internal-editorial-rewrite,False,False
S20,S20-single-b,39,34,a3b116ff7c82be4dce0423f6996321413b967cacf2fee8a9627d588f07f546cc,a9e65a6092e2a7fb69c44401c8f953d0741aa57d730398f2fb33b4fe65ed0447,"A escalates precautions from a tiny factual trigger, not by merely shouting that there is danger.",internal-editorial-rewrite,False,False
S21,S21-single-a,36,32,a159e0046c8b9395fe28ce836849f9ee258b43c693ef145dd4d3e1602645afd2,79d7d5ca2702819db356de6508962fd6994f4778eaee1faf03e71aa3480b6ae5,A interprets each development as a victory from the outset; B adds facts rather than asking for positivity.,internal-editorial-rewrite,False,False
S21,S21-single-b,35,38,20c4f2e20a425fc6b6e6ea2a92ed27bbacb2292a103324eba2ddb21382eca8b9,39aa82060e467c736cd7f457eff06dd75c415d0693c403f11009e0a07f04289d,A interprets each development as a victory from the outset; B adds facts rather than asking for positivity.,internal-editorial-rewrite,False,False
S22,S22-single-a,40,39,223fa5d8f251bf768204346b31d3f4598d97cb6dfe565df92318f970f8e25374,2d5787fc20fc02c29ebd68bc2553f7caf209edba891fc3a37b70b81ddb9d1253,The impossible premise is accepted immediately; the sustained pattern is mundane implementation.,internal-editorial-rewrite,False,False
S22,S22-single-b,39,34,5e37c2f739c772633a83c8db29b8dacd4fe31bb5815d1c5e0fe245e748d9a111,adedad422b113ed88745a1db0032481bffa9479e483683c653b5c5a9313b6826,The impossible premise is accepted immediately; the sustained pattern is mundane implementation.,internal-editorial-rewrite,False,False
S23,S23-single-a,40,39,0099172aac41658299a240c58a261fe93d0435749782c988dfcb96a9bd6095ae,4a16cc060dfd29df9cf70febb1281917b960bb2094cf49babdd859b12a0a7d62,One small object remains the center of concern as B introduces larger practical stakes.,internal-editorial-rewrite,False,False
S23,S23-single-b,42,36,3358f2e8936847384c19e3367f065c2e82d079eb6b2978ef0a03e4b33fdcca5c,06573fb294c3187a6839076ffca391d020282900b6cc0f7b0fce10235892e324,One small object remains the center of concern as B introduces larger practical stakes.,internal-editorial-rewrite,False,False
S24,S24-single-a,44,33,ee60e66726677706bddcf8b0224326087bef370db014319a44a48db998c056c5,49c45a63a42b7b7f0f8cde088f6f0958ef505aab7c629918a310b76e939029fb,Coincidences and interruptions reinforce one larger plan; disconfirming details are connected rather than ignored.,internal-editorial-rewrite,False,False
S24,S24-single-b,40,34,b1390b1bc6f8d0cb4fe48f3d3a3e8dd9f38e33be9d7d5be09a331786713814c4,aab420fc87bc3ae182495661f377f66fdb1a4acf5b6fdeeddf8480ab4b64280f,Coincidences and interruptions reinforce one larger plan; disconfirming details are connected rather than ignored.,internal-editorial-rewrite,False,False
S25,S25-single-a,39,31,53b396dd3f08fd1740320d02ef2b8c04048a4bd7641fe3b53680ee622cc1f5f2,7a9128bc74ef998e095cc7e32c0ba251ecc26a152ec8cd1ef7ad4f84f4f6fc23,A equates efficient practical choices with a right to make the next choice; B's preferences are treated as delay.,internal-editorial-rewrite,False,False
S25,S25-single-b,39,37,7b6624dafb83bb3f61bca620f7f7d658cab079469d02b72448285dfc6f3eec6a,1da83e4740e3f17dbaf4432c484eafa2ac6267f830dfed417cb48dbc4b8fa8c2,A equates efficient practical choices with a right to make the next choice; B's preferences are treated as delay.,internal-editorial-rewrite,False,False
S26,S26-single-a,36,43,269ab3bfc256467b10f6e88a0e7d54277e1ee0d5fa7c94af18b57050619c26f4,fc3cbf58bf1e28c98b5e330dd6083a7f0d8911267dc5ba3a0a8cdfb8be6fb4d5,A fills a brief cover shift with confident rules and treats any pause as a threat to legitimacy.,internal-editorial-rewrite,False,False
S26,S26-single-b,35,33,6b31e894b1b99ee56c5849420ffe0c7e662814fd3ea7e6315dfb421d080b2023,fad73a5d020c87399cdc4efcbe6d7899dd9d385f6717e3108861a7e1db10064a,A fills a brief cover shift with confident rules and treats any pause as a threat to legitimacy.,internal-editorial-rewrite,False,False
S27,S27-single-a,37,38,c33ed18de82325e16511912730e6513e76a26fb669696bd94610fa47abd23b70,480db6677af165775dd67ca743d5602a0151b31626fd1b4cedcd30d7c83ef4bf,Tiny technical standards supply the recurring behavior; settings remain consistent throughout each alternative.,internal-editorial-rewrite,False,False
S27,S27-single-b,38,30,454e26f08e32a4bf8a1813418a0b410eb175284380841e33536b2fc176f767c7,827cd002980c2a1105a0384931a4eee618bef2ecf7fb2304bc3de08ae7fcb39d,Tiny technical standards supply the recurring behavior; settings remain consistent throughout each alternative.,internal-editorial-rewrite,False,False
S28,S28-single-a,44,32,d39bd636f27f224ebda5178f5f97749a0da2b80fdc6365bafd0c28f11c27c738,9744e7a83a9603aa8fa1013246ff1bfcb3c91a107e9346035e28f48e2654e2ac,"A treats unfamiliarity as a recent local change, preserving the claim to being a regular.",internal-editorial-rewrite,False,False
S28,S28-single-b,35,27,a4d95a35d78ef32f6dca4ef0793c289a03b82393b788f35b2a9792eac288bed4,162c7050388f20db88dca87ba20970691b05d9418908bff412181e765a55b948,"A treats unfamiliarity as a recent local change, preserving the claim to being a regular.",internal-editorial-rewrite,False,False
S29,S29-single-a,37,33,6b7b7e88dbbb703bf0d170f890abe82c1cda950e9b614b5a4422b4e24e223426,211c573b8597f513b08ca1ac09c785602610c5353ab4126bab3ac448a3fee4ca,A refuses to let competence eliminate a teaching opportunity; the mundane lesson grows increasingly supervised.,internal-editorial-rewrite,False,False
S29,S29-single-b,36,32,e795909e2fe8b5352dcc31d43d526993139e8be6e42449f510ec07d52c16f073,b2bde337af1cf96e1aea67a3b902b96c5b5dd708d76a9f1161357e45f3016874,A refuses to let competence eliminate a teaching opportunity; the mundane lesson grows increasingly supervised.,internal-editorial-rewrite,False,False
S30,S30-single-a,44,34,f959147244d9d7fa68869102587b2dd70de34f421763a99f15eb4bc79117802b,b0675bf7491d29dc324f48c827d8a004e3a0f3faf31eba8e473a687bbf8e7640,Small logistical knowledge becomes quiet leverage; B's alternative depends on another detail A controls.,internal-editorial-rewrite,False,False
S30,S30-single-b,41,33,cb304e3b4f2a6f4421f4681e891d88a75f63fc8ab6eed3b08a25bcd288a8f715,99fa3790269fa9ce75187b6285a9a223369b9cf153c0fbd272ef8ecfabc05ab0,Small logistical knowledge becomes quiet leverage; B's alternative depends on another detail A controls.,internal-editorial-rewrite,False,False
S31,S31-single-a,36,33,9cb5189e6e3147347494a7139c8f923b46d0408cbc64cd595993fe7673b95175,d7c6615990e0fc3462f38c8d78fde519c25a280bb7c97b6e487399f4979b924c,A immediately operates an old shared routine and reinterprets B's changes as interruptions to it.,internal-editorial-rewrite,False,False
S31,S31-single-b,39,37,e9b2213e860ae65ef7aec4817bc978f776581dc5e003ffd05117871e0e99aa27,6e2fc405a3e1c2cf6297f3fe6ffff52aa2c690b855d6ccd03c9be63745c7a90b,A immediately operates an old shared routine and reinterprets B's changes as interruptions to it.,internal-editorial-rewrite,False,False
S32,S32-single-a,38,34,b4fb4a6ca90fa31d1e190e0d2a20a53fdb279303f2c4c0ddb23bc867bf7b43a1,225f8b94498cceac8c9e3d8cab0d97b072fe6e803e29bc9498ca2b05fc8dd18e,A's favors are itemized by circumstance rather than treated as spontaneous kindness.,internal-editorial-rewrite,False,False
S32,S32-single-b,38,30,bbaf743fd643f67b7115a61e98886a0178c043815b254a5b207660e3bb1bcab3,468c23fb6da752107328bb426c8930a2d53c9b09bfd6d9210dda3b75f7af50f7,A's favors are itemized by circumstance rather than treated as spontaneous kindness.,internal-editorial-rewrite,False,False
S33,S33-single-a,36,32,dcfd1e2e1f126c5d3a4f5930d1c54b69cd9d90536dca17c0015f2013f895369c,fa551601cf362be41f94894ad2728c49c3efb4a19643002be3c99aed964ab6ca,A turns reminders into a familiar burden and starts monitoring whether reminders themselves will be remembered.,internal-editorial-rewrite,False,False
S33,S33-single-b,42,38,08c11300f19f17dd4646853f2142483df0031929ab96d4f75b4ddf6b71384d59,3127818a4a42da935ff3b7dd25c955aeaf68d1f926046e86c5d569e170e04c48,A turns reminders into a familiar burden and starts monitoring whether reminders themselves will be remembered.,internal-editorial-rewrite,False,False
S34,S34-single-a,37,34,a85f7c8bcb8e4135aeee13b6a0aa91fefb26d1491aa391f16ac714b35906d87e,300c1fd7ef84253ef0b1404a47d197da5cbe468a39e50f0d0c6c16b94af705b5,"A scores effort and sacrifice even when B offers to cooperate, keeping a concrete measurable ledger.",internal-editorial-rewrite,False,False
S34,S34-single-b,37,34,d7a41fbb9d4939807818d006c6a4ccc9314099de51d86f743b5607cf33fe1678,a072f221d4791cef0be694b1d7b6550bd85d2d26f9ab63055cae2075fef32562,"A scores effort and sacrifice even when B offers to cooperate, keeping a concrete measurable ledger.",internal-editorial-rewrite,False,False
S35,S35-single-a,41,33,e348e8397ec5232edf7cf9b606e446a253ed5bcceeb321a2a09c6c03e93a259d,cc412f53cb9aec8ff8f55de4ba04f0578c1496acdd0ed0d47008bdd0270490f3,A depends on B's routine knowledge but disguises each request as cross-checking or testing.,internal-editorial-rewrite,False,False
S35,S35-single-b,37,35,d0373409b1c33409baf04994d6848ce2b7aa511e73377efe905d15af8fa7199c,d5ee0d4ef8ffa9f63cbabc68f1065523e00a55c9ffe12407b4fb251086dc3bcf,A depends on B's routine knowledge but disguises each request as cross-checking or testing.,internal-editorial-rewrite,False,False
S36,S36-single-a,32,40,43e39263cc61dbc17c469a0cde59a895d89ccd5a0804104c27071e8ce1dce83a,8fd9e8f08eef63e896f981cdbea1aca0e3af27fe6e7c698e0b066e6865982ecb,A reads today's small inconvenience as recurrence of a specific unresolved grievance.,internal-editorial-rewrite,False,False
S36,S36-single-b,43,36,fce551b727a5061ec3c1c459eb91e09e45457277219e8a5efda0d4dcdff0c7a0,cc4719e33fabbd37139161d002dbacfada9973670aefa60f2f76a8fb23d7b186,A reads today's small inconvenience as recurrence of a specific unresolved grievance.,internal-editorial-rewrite,False,False
S37,S37-single-a,46,32,079e35d3a64e0d2121b1a069605c1883258cf1d7ef29cbed666954eafcf3d44c,bbbaebff9563294d1bf98f8fb6bab195403da549018e586f4e53588c271a67b2,A uses the admired shortcut while attributing its success to B's unfairly easy life.,internal-editorial-rewrite,False,False
S37,S37-single-b,43,32,9ac05ce9b04d6c44c28acfc38672f4550e6993d8d988da2a3c459de34da8eee1,fe7a050cea224208fde5356bc6e8c4d25dcc23793d91b8cfc335aea542cab378,A uses the admired shortcut while attributing its success to B's unfairly easy life.,internal-editorial-rewrite,False,False
S38,S38-single-a,40,35,a696cc715e386de384cc2c854f02bc47002cf5e150e8776527b1f9824a889252,0a2ae687ff94d7a570afc8b168c8844cf7b49afb8b5998d26eb0543372b0a926,"A measures practical complexity against an idealised simpler past, keeping one ordinary task in focus.",internal-editorial-rewrite,False,False
S38,S38-single-b,42,37,624efe60a379573171f47b189bb0961f8f35f18786478bc71e8838aefeafa181,d1c0d7cb2af1ccf158fe1aec099264311888efe92ccca3666775f019a172357c,"A measures practical complexity against an idealised simpler past, keeping one ordinary task in focus.",internal-editorial-rewrite,False,False
S39,S39-single-a,46,43,7887f077efd920f23d14139085cfb59c97a3002acf7c742ef683456bf9d885e9,0728e6ac07ac53452f5e1b38a9e5491daf1179aa9ce8378d170ee740834c20ab,A shrinks each reasonable request after reading neutral logistics as evidence of being burdensome.,internal-editorial-rewrite,False,False
S39,S39-single-b,42,34,88cf212268b352986639c3c03093698879b7608cd3ea338ff50c1a3288e97199,ab2bd1ea950a04a1483d86050adde354e2242a7c0cb9f68d561ec3482fc345be,A shrinks each reasonable request after reading neutral logistics as evidence of being burdensome.,internal-editorial-rewrite,False,False
S40,S40-single-a,39,33,c743ebca2ab1112851d7ff301eef3fbbf3a5c8982266271e154bd367e5f95d94,c1f0850bd5d650630baa35a44e0d65ea6882e8606f1874d684916147cfc9d873,A's care becomes resistance when B's preference makes the preparation unnecessary.,internal-editorial-rewrite,False,False
S40,S40-single-b,39,29,72ee77c6b11a074297f16706bfa98bdb39bf8c35f8324b059e4ad7ef9a4a4086,3b3bce4e6252cbebeb55ed94ed52f4c940323b122aff6d19ee0aa383bf90a1a1,A's care becomes resistance when B's preference makes the preparation unnecessary.,internal-editorial-rewrite,False,False
S41,S41-single-a,39,39,1dd3bf2e26462803236ed10ae9328ef4727fb55d4b670d35dd85a190b954c4de,1ba745a751cea8059d6f3d7d498502684afaaadb496f6f2e7edbcdf0dd8c088f,A turns permission to relax into another opportunity to prove useful and retain a place.,internal-editorial-rewrite,False,False
S41,S41-single-b,39,33,9e7683c298d707ead4398a6e599586282c9cd778cef438fe70ba460db435b4b8,4682a455552a6d0865fef390ea93628cccef27c694c126e0727c30f55cecbab8,A turns permission to relax into another opportunity to prove useful and retain a place.,internal-editorial-rewrite,False,False
S42,S42-single-a,37,32,736e1774a9bcf87b4df4b0f383fe6c6797a1ba358645e74c9c567ebb56e4ffa8,91b058ccf0bcffd9a9bd3fa47085dbca32cd083b8dd5326caf714471658416f5,Specific evidence of hidden labor is displayed for appreciation; A seeks recognition rather than the next job.,internal-editorial-rewrite,False,False
S42,S42-single-b,37,31,f453e90444c36167550dd8bf3687773869794c5d82a8965045c848f2c57c0b8c,7e3961c998e06e10887e4f2fc154d7cc25c31e8ceaccbe13a28c2679ae96a735,Specific evidence of hidden labor is displayed for appreciation; A seeks recognition rather than the next job.,internal-editorial-rewrite,False,False
S43,S43-single-a,37,38,22f35ea7d107c64c1e9c889820b5f41360a65899166738188ed93df3cc027b9d,7b0e5c354fc8f372744fe8cf2e3e4d574492d8c3b3ccc91545d347b80ece33f0,"A protects the order itself, restarting the routine when B skips a harmless step.",internal-editorial-rewrite,False,False
S43,S43-single-b,39,26,9a848ecd6e89c43a9bbdb7d3cb1ee4104213c28773e018e49a00e26131fbd411,91f4fe11c6f117502f38099c91399dda015cda98163c2b61ef6ed269eaeb3c58,"A protects the order itself, restarting the routine when B skips a harmless step.",internal-editorial-rewrite,False,False
S44,S44-single-a,36,29,05a84c2186aa260c9d5586b720598c1277b6ec7111e46dfa383ad8327db255d8,58c76e5cdf964175941600ef70ee6994d17b2cdb78406b3222c6afd33a90d08f,"Every ordinary precaution requires its own backup, extending one practical chain rather than random catastrophe.",internal-editorial-rewrite,False,False
S44,S44-single-b,40,28,cb008c57b00388e19d65862df5a660fbe7a0717361180df9c9c66fc0b830f1ba,dfd6abff4782c1bf12ffc84d8ceb8bba4e5564b33ebe83f9c63342973239d065,"Every ordinary precaution requires its own backup, extending one practical chain rather than random catastrophe.",internal-editorial-rewrite,False,False
S45,S45-single-a,40,31,dd9583803aebd971fc5f5244b89c34eea64f75f2e2c7c141b3f78bfe8fbadcbe,efc61c4e05c1daa794b85820ca827ca6f5192369c18423de82d975db3d0e7c2f,A uses a mundane failure to invent a specific enjoyable improvement instead of merely declaring optimism.,internal-editorial-rewrite,False,False
S45,S45-single-b,36,27,08698d21bd2d4b8b527108217adc9ffb4846aed82bde1ae83ec0a3448ff68bc3,3cfb4d96bf898852c8c0323107dc27d5f56f0038ad747cc952437c9e2947080c,A uses a mundane failure to invent a specific enjoyable improvement instead of merely declaring optimism.,internal-editorial-rewrite,False,False
S46,S46-single-a,39,33,43a971a392097d86d55700840f4c94148429bfe543d245a0ec9a2e353faa13ed,c7fc50def1bc13fc719a81aabd0dd4553e105e4970774a7d65f1fd38fae8e6cd,A accepts ideas only after assigning their concrete cleanup and follow-through.,internal-editorial-rewrite,False,False
S46,S46-single-b,38,33,6b910d8f307aac73a7ef2360c412dead089ceb7ee1505b393e8db5693ec554f9,78df1da6424b170b61fbb69f60b63db8a3371e5e31cf7f016ed0d1963fcf88e8,A accepts ideas only after assigning their concrete cleanup and follow-through.,internal-editorial-rewrite,False,False
S47,S47-single-a,37,33,b1a7412a53155bfe3d659082cd5aaa541b7662a53d04525752e23863726a5748,d2ef229f12988da34c402fdc010a91206a22c1037427a3f36ace439169730dbf,One tiny defect progressively crowds out the important success in the same setting.,internal-editorial-rewrite,False,False
S47,S47-single-b,37,32,92e5da8724c8e0e30032f3bf1e243a0b95ff975264ee375bcc86160b81677ed9,909255fa6d4d13ded5a52b4d46892a2b10be261f7c1b9725c0d6f65fb7344864,One tiny defect progressively crowds out the important success in the same setting.,internal-editorial-rewrite,False,False
S48,S48-single-a,42,39,81d281b8cc25ec46cc9960e613bc8247e89e9fc5a6e108974ef588d0472aad18,9c54ee474f813465c13dd697371e56bb7a787dce668e1586804f18ef770567c4,Each necessary step confirms A's conviction that simple tasks are designed to spawn more tasks.,internal-editorial-rewrite,False,False
S48,S48-single-b,39,35,8861195c8c0f8520ac01fca31dde004ebfe8a490025b70767554dd3f87155867,25c5ae55bc44c1e5f03e63761d3f934c4cc05d168c2833bdf11fe4c9c3825289,Each necessary step confirms A's conviction that simple tasks are designed to spawn more tasks.,internal-editorial-rewrite,False,False
S49,S49-single-a,36,34,543eb0a54be62ae47406e42c5ba22b5dd6ee6a9cb4e2a2001e9c1d11e71ca2f1,077a6399203aa6a4981a5335cdec821c3911e143e58201fef399f5dc58934e63,Opinions become rulings and ordinary disagreement becomes a formal appeal.,internal-editorial-rewrite,False,False
S49,S49-single-b,33,27,198723e72c1955b8438dd091797e42f6a4eba667a91bdef718a89f3d7fe31c8f,595b34d4315f80aeaa99359034e193b649ffb7116bbc1ebea3d75f866657fd66,Opinions become rulings and ordinary disagreement becomes a formal appeal.,internal-editorial-rewrite,False,False
S50,S50-single-a,37,33,d4e35035a4cb15d594b6eb5175f0fac38f1d4c950ae0b4963c9e76e09a03a157,1d2be7b22ca536e3258655d9983d531a18a056b4f0e31d7fe756d6597c54ccdc,"A retreats tactically when asked who authorized their power, then tries to preserve the appearance of command.",internal-editorial-rewrite,False,False
S50,S50-single-b,43,33,e9d36a85214b440063e6aa269ff38d3ea9224bde7f9e9528931ba3f58e1216f6,4eed857a26246ba4ca0948b9ea0379484b917444fae056b416e9e99bddf0ebe5,"A retreats tactically when asked who authorized their power, then tries to preserve the appearance of command.",internal-editorial-rewrite,False,False
S51,S51-single-a,38,31,487188ca434869abc52280d703ecf1d7ce4b02cfd063843b65f2f1a3f10454d8,222a4f9275bb05e9263838ac916ed34033cb9a2482b49f34fc42e62a4a85bcd3,"Participation depends on A's expert eligibility standard, which expands when B tries to discuss the standard itself.",internal-editorial-rewrite,False,False
S51,S51-single-b,35,31,d64eaca723e02b4d52b73ecaba4b920865ecfb173c6a5becadbbe3ccb3ce6d27,7c33169864c357b5b11af3adab1c98e15ce5272b6684aca5e12270b178631954,"Participation depends on A's expert eligibility standard, which expands when B tries to discuss the standard itself.",internal-editorial-rewrite,False,False
S52,S52-single-a,37,34,aa16c857cdf12055992a775956574747cacc7467280bac7ea03dd7020e16af3d,eaf56b78cf349f970255e6187af321d405601572bad8d3b6da53f35c03d2d969,A regards an ordinary proof requirement as an affront to a role they consider inherently theirs.,internal-editorial-rewrite,False,False
S52,S52-single-b,39,32,8aee4ab811b293ef233bdce4ee9797ea1e6561f844f51296d10ed8eb94997c03,162f27bac2e1fed467b8ef62118352f772fa827e4b3044be60a38a643fca57f0,A regards an ordinary proof requirement as an affront to a role they consider inherently theirs.,internal-editorial-rewrite,False,False
S53,S53-single-a,48,38,3b2b9367ddfc9c0c4ce34699e235db259fca5b16b08e2702dd156da7820fc4e4,8a1b6d40fc9f3e7d9473ca4155243cdf77947988c729c664c76ba3971cdd358f,A prepares a successor but takes back control as soon as succession looks real.,internal-editorial-rewrite,False,False
S53,S53-single-b,45,37,41c67598bcc642bd14826dae0d50cdf3af459f03aa359a28c21cf09630e103ea,a41a8ef62940e75d8548f0bf0ea53f152da485e8fedcba5f14a11ea85fbef6f3,A prepares a successor but takes back control as soon as succession looks real.,internal-editorial-rewrite,False,False
S54,S54-single-a,36,40,71228c5efb29790a416eb8dff380de048726bdedff1766f25e6fb0896dc621ac,bd7c020c13fb060a2ca62730f8bb0a657a8e130501595a064ca739b83e6068ae,A remains agreeable while withholding the concrete consent needed to proceed.,internal-editorial-rewrite,False,False
S54,S54-single-b,43,27,d25ade1aaefc19f8cdd086b2c3d8126f2ade7af0d3aafe86a676f12e44f10024,fe1aa451092b305db0a5fd84b6e3b76afbe41b6feeea1123161b2f37ed9384b0,A remains agreeable while withholding the concrete consent needed to proceed.,internal-editorial-rewrite,False,False
S55,S55-single-a,45,36,0320bd15222ed16b9777d7758ebf5598d4801f22d7f51f6665c980039a456036,d00ca72980251c5f6829400a248c5e82d9ccdfe785d7633ead06e4ed4ee40049,Shared beginnings erase present rank; A treats new formal distance as a betrayal of old equality.,internal-editorial-rewrite,False,False
S55,S55-single-b,42,36,3e705c0a47fa01e6f479ee2d765b13107233585579b9bcc1a655e663deaaab3c,b0c807dc847fea032f5fbdd6db489c4f71bf86d3a98c166805bee20c09c7de56,Shared beginnings erase present rank; A treats new formal distance as a betrayal of old equality.,internal-editorial-rewrite,False,False
S56,S56-single-a,43,35,d715831d769e967161e03f31e86f9b18725436ec60f03af35408f9238e570ed8,d8962e82403be114c125fc79e90633aa8730567b96d76069120b379bad4a19a5,Past support is treated as an ongoing investment that purchases current decision-making rights.,internal-editorial-rewrite,False,False
S56,S56-single-b,40,31,a6e06cb13a5aabe21edb3fd755e94c88786ed2d4697428b5cdb0b1d2ed0c0b69,0ec6a49aae917a8da0f4aee4629245c7c5a8c6926fd4f650154ecfd608f233ce,Past support is treated as an ongoing investment that purchases current decision-making rights.,internal-editorial-rewrite,False,False
S57,S57-single-a,41,32,80cb7196cf87993289052f9bae39f86a01e694e3d86ae8b3cdb45ee24f5c0a72,10f0ade0ec7d5443fb44d0b258b92d4c7f4e3377f3136bc54968216c4e9f6671,A controls a leader's choices through access and presentation while insisting they are merely assisting.,internal-editorial-rewrite,False,False
S57,S57-single-b,44,35,074034204f04f284a7323c4790e415534a16da3c732db8a7b1cfe471a28f6f53,73fe1bbfbd08b306c887d4b16ce824065c59d65c1483e0551004fe5a7f9ac8d1,A controls a leader's choices through access and presentation while insisting they are merely assisting.,internal-editorial-rewrite,False,False
S58,S58-single-a,37,36,4ad63c4f74b2bf19c11f15328fd5244f755e07d871c148670342d8cf1377e3b2,5edf00c44721b3c701b1e7ad806437070f24ca11b58fb01c0286bfdecfb677a3,"Everyday outcomes become a succession dossier, even before any vacancy exists.",internal-editorial-rewrite,False,False
S58,S58-single-b,35,36,9a7a8ed91c1ccc4eb9608530c45b84ed1cb8978478f9b6136130d68e21a0dc57,b3c33c2b76855a37217d7e8eb047ab46ba50098944144d606d4fd80161a054a0,"Everyday outcomes become a succession dossier, even before any vacancy exists.",internal-editorial-rewrite,False,False
S59,S59-single-a,42,33,8372dba4d878733ace12414282f8ee0c7ede168299d6e43c51e102df1a86ed0a,ff7f77da753dd7f3f43f5963fce5e5c4d9a0fded6a0c4870c666a7be467b3ff7,A relies on a rival's judgment while denying the influence and taking public ownership.,internal-editorial-rewrite,False,False
S59,S59-single-b,42,40,62e052ba97d991fcb6984954eeec2db54cfaf5754be0ad436f0e8f637fc714f0,a500e30ca190972affbe305ac8c5a703be96817bff6adaa12747f864b2f8dd96,A relies on a rival's judgment while denying the influence and taking public ownership.,internal-editorial-rewrite,False,False
S60,S60-single-a,39,33,76ab6a57b200c27c0f07ae7d84af1d679f17fee29dad32e36cf588b3da29486b,fca3498dea8a5b30fd6fbc2559cb784a94a3b12962e63af93683df5b93b6802b,"A interprets small disagreement through a concrete past undermining, escalating procedural defenses.",internal-editorial-rewrite,False,False
S60,S60-single-b,37,35,f901482ef6b484f0aa8c510b9d785077dbe86bf460ce678cd7316cd7d869c90c,35d8f08d206aaa4a38e43aea2d175de00a88a46e17dfd23d188d1a74350e271b,"A interprets small disagreement through a concrete past undermining, escalating procedural defenses.",internal-editorial-rewrite,False,False
S61,S61-single-a,35,36,1aa265e6ab629efa7c2015702725f49c3d739e882ba70061049a4383944f6a01,432ef9691ec1be428f3361ccfae00478f57491e3ef7765ca000c388770a32bd1,"A imitates another's confident technique while resenting its ease, visibly adjusting the same borrowed behavior.",internal-editorial-rewrite,False,False
S61,S61-single-b,34,31,fea9094a33cdce95e430dc614baf78c5bf72e0165cd255f53c3ceb9e58f1ff81,83683cb889d1390d621a933e5550dfeeb79150010f4dadbbf17e93001e4e66b2,"A imitates another's confident technique while resenting its ease, visibly adjusting the same borrowed behavior.",internal-editorial-rewrite,False,False
S62,S62-single-a,43,32,eb5a8f9c23632d6b13fe0f15b78656e7825d97cb19cd515e1ed8ea3cc5e6e8b0,f5adf846644a339f7a6fd890ae233f64bbe2f231380a0d001a39ae7b736e7af4,An old office habit persists after the role ends; A treats lost power as a technical inconvenience.,internal-editorial-rewrite,False,False
S62,S62-single-b,41,32,cd0fcebf1aea56f2f5ac3990cc9cf79bdbabd0a32fa3130d2d7ed4a0913b49e7,b31da71867a8231d4c44caa6056ebdab4a77c419eb28d3df05f20f3fcc9bf152,An old office habit persists after the role ends; A treats lost power as a technical inconvenience.,internal-editorial-rewrite,False,False
S63,S63-single-a,42,35,16e85eb0085f7a8d45cd095c095f5d344b548eb38eacf32dc5c01d82f427623e,baae08bfd992c876bcfd3a6beccc144c7e4c0576e660b5baa1207d3ff49b4378,A treats a trivial new decision as proof of continued suitability and seeks escalating verification.,internal-editorial-rewrite,False,False
S63,S63-single-b,42,37,6162a2ef9666b5c89fc5af19fa796afa9395a6f9e1aeedc4cbe95935a1420d07,f832e3719599e561878d8f4ce79f92fc1d29afc8c618ca098bb9e4ab25fe81f3,A treats a trivial new decision as proof of continued suitability and seeks escalating verification.,internal-editorial-rewrite,False,False
S64,S64-single-a,38,34,010c96048001aea71e8040155e5ca4ef3606a3895bc70f27aefb9cd2d9e987d8,5d5814632abb5497b63807a805eb3af8a84c488e5c2717c2c9bb1ffc49efb779,Support is offered as a conditional arrangement that keeps A in supervisory control.,internal-editorial-rewrite,False,False
S64,S64-single-b,39,30,50e31a63411402e609286ee769e3f8571fcd4b05050ebf21e3e429629101aae5,a9da55ce87b007f65b60b334a74d4f5bf6ae2d8038784e94f131555c58c8d58f,Support is offered as a conditional arrangement that keeps A in supervisory control.,internal-editorial-rewrite,False,False
S65,S65-single-a,38,37,3d061cf2ec6fc9a9d8a6c6b05ea3a1f1d3aa61893b8381070731a8d357a49198,33a9ddfd8a7f75ca19d73f19737616a9f748aba275540aa18f01bdfceb49b973,"A treats influential attention as proof of inclusion, trying to convert incidental contact into public affiliation.",internal-editorial-rewrite,False,False
S65,S65-single-b,37,34,c59de3730559fd047cd9d535c7bd319b075c0ad88c2f698774f1558c479cdddb,f6940299ceb0d2422724604cb02266859c84d188ca748b4af06fcae9d38ab849,"A treats influential attention as proof of inclusion, trying to convert incidental contact into public affiliation.",internal-editorial-rewrite,False,False
S66,S66-single-a,39,41,1e1abb15d7dc255b4ebcd865dae2cbbffdc114fae7000fbcef3cada0585e0340,f5dc6d937a9f966d01b00ffe9e01e6675d88f85515797d8231b477068c4b2043,"Private appreciation is insufficient; A seeks a public, correctly framed display of respect.",internal-editorial-rewrite,False,False
S66,S66-single-b,41,31,73f1049c9509db7253b03d84e666ebfa914ba80db39c7e4a82f0f2ca39dbc7b1,ce76b34623e877a864943111397ca88000f8ffbd77fe2c81ab6252374c5b1a59,"Private appreciation is insufficient; A seeks a public, correctly framed display of respect.",internal-editorial-rewrite,False,False
S67,S67-single-a,42,35,9591fbd0108e48be33d853d9b03d29e341ae754756080f2a4c68440c43820889,17c6f8a7144bbf51ba72d136836010035b28b75f435624646be3f48e893505a4,"An ordinary request is routed through an escalating hierarchy, not just used as an avoidance objective.",internal-editorial-rewrite,False,False
S67,S67-single-b,34,36,232718fe25ded9ee2a9c94266bbb043b352ae89d87a71bb3f279828112180dfc,2c3997d7bbb841213b629a2d028154d60fd1293c0901acb7d85193ccf428790d,"An ordinary request is routed through an escalating hierarchy, not just used as an avoidance objective.",internal-editorial-rewrite,False,False
S68,S68-single-a,40,26,246ffa3fc73f55698ac5d0eff26f1ab26240684b623b684c57ee3912e4b5ec66,6294f4a3a45e2e199f16594751a9cbe8073865d45d421c307865ff40b000b1f8,An empty leadership position becomes the emergency; attempts at shared decisions create another authority question.,internal-editorial-rewrite,False,False
S68,S68-single-b,39,31,682db68578f990269d8cce860c48cfe40972c14abadc919746a2345a5d04a2f0,d33dae494f2163ecc45fcdac6f5c5d7ca15559e1773850786084926d4d46a996,An empty leadership position becomes the emergency; attempts at shared decisions create another authority question.,internal-editorial-rewrite,False,False
S69,S69-single-a,39,33,0f58bd5422d091d9ba08bb00581690c295d24e2d2ba1fd3f123babee01d4e25c,3cc8c30b8c2b6e698652b5f05ee8f186dfd4acfeec70657b1ee287aa283a45ed,A turns each undesirable task or setback into a specific expansion of influence.,internal-editorial-rewrite,False,False
S69,S69-single-b,38,32,0e3ae503ad50954c9b2fdc2b897ab014c22b8d1cc8ace856b5d11f2c92e3694d,7f7e9abe1c975e4dfe8b42129ff6dafa0807c08f3fccd5a085895e7c8ad288cd,A turns each undesirable task or setback into a specific expansion of influence.,internal-editorial-rewrite,False,False
S70,S70-single-a,38,33,682f9ee63190f1e1bdd470e83e4556b531a2e04179f0663bb6acc3f51ffc1653,740584d9c43ad1696e5e07bd3f5d76ba91e10588092089d260ee9d663a74d880,"A ignores symbolic rank and follows the concrete power to unlock, pay or authorize.",internal-editorial-rewrite,False,False
S70,S70-single-b,38,38,00153f12a068d036d8fcd601b30c00e5b2375a73024f9364fecda80dfb701b3e,52a451a1461f8696f4dbc53efd3debde0e3cd11fd22e3dc2f379a3a85a3999b8,"A ignores symbolic rank and follows the concrete power to unlock, pay or authorize.",internal-editorial-rewrite,False,False
S71,S71-single-a,39,35,e334fa27a4e529eb6f44d1f7ddae49c4eabb530b0df21732cb11b343281543c0,b6dbbd746e7b01a12cd752827bccb59e16512a44dcfd5e382ec4edd3a3ec9f56,"Possession of a small symbol becomes A's basis for legitimate authority, even when the symbol is trivial.",internal-editorial-rewrite,False,False
S71,S71-single-b,41,33,3e99ca652c1b8b682b8d820e0e2b1be438d8a0f19c888a6cfc7950701a53065d,71322ee5db071a4efc490800dfe30f8900bd7b7de6f3b4ac1a8c5e7ef8960b4a,"Possession of a small symbol becomes A's basis for legitimate authority, even when the symbol is trivial.",internal-editorial-rewrite,False,False
S72,S72-single-a,40,33,c80870c7345429107e31a994f8027b1d37d7ca49cd86297d758065fcf78efd69,7f092015cd0ad5e1aa6e64eb355db636645724181fa7ef0cffde27201f95a466,A reads an ordinary exchange as evidence of hidden rank and updates a hierarchy from each new clue.,internal-editorial-rewrite,False,False
S72,S72-single-b,41,37,d7113207312dd7fca46883329a462a5b8aab1d6cae537d756d544d86174237d3,b4baeddd3f5c69320f340c7078360b9da54be2cb25784943643f8f807d6559d3,A reads an ordinary exchange as evidence of hidden rank and updates a hierarchy from each new clue.,internal-editorial-rewrite,False,False
S73,S73-single-a,38,40,45700e53911777944ef0cf4b8e2651825c4f4867817a6ff70723d35bca7d75c1,db120da7d3ef9d18c94d1608610e64c8556cc66fd0fead2a960ca8420f3dacae,A claims authority over what the relationship means and treats B's contrary account as evidence within A's interpretation.,internal-editorial-rewrite,False,False
S73,S73-single-b,40,30,d57f22ea1b209b4a566ad230118d1b8dbc2f7624eb9711c0b39cc7ee98e4da38,f0a6a7d013a8a040ff4cb1d8a2ea77f455ba045d4bbf570512ed228199f3f633,A claims authority over what the relationship means and treats B's contrary account as evidence within A's interpretation.,internal-editorial-rewrite,False,False
S74,S74-single-a,44,37,45c0de6122668b942556ae7dbf7fe3a0d048e8a90b7ef74a14b26bba943ddfc7,ccb7a5edf311c0dfe32208a9baef41ee0235a72bc2865a0a28bad1fd38288edd,A stages calm rituals to contain a fragile peace; a practical disturbance reveals the strain.,internal-editorial-rewrite,False,False
S74,S74-single-b,34,34,70a15de58156a085aa38ac8b40b15790d00c76b691d96b06c9f946373ec02116,ccb12d19969aea563fd4a7fbfb562cfefa04ed55352aad9062e476d5f260d44b,A stages calm rituals to contain a fragile peace; a practical disturbance reveals the strain.,internal-editorial-rewrite,False,False
S75,S75-single-a,39,45,782fef788511ccda8b755145a52f4aa751cff479a65ba3f33b6c063ebb54026f,99d142f84c8629c7dd88dca3357f5c83ca20735ce8a2fb426bf097de1474cb00,A diagnoses personal habits as intimate evidence and expands the diagnosis when B denies the reading.,internal-editorial-rewrite,False,False
S75,S75-single-b,39,32,3fc7352276865ebd00bbec4180607ae7af8afa136324e5562319cdf0faeb878b,8a904bf648a2cfec9c79396fd321df407972bcd2412b384a6db5f4f70a1db810,A diagnoses personal habits as intimate evidence and expands the diagnosis when B denies the reading.,internal-editorial-rewrite,False,False
S76,S76-single-a,38,36,1634cfb6cc7c692fa4dd581e44b060f066e7e3d2ff33575b3a56250f7a85c2d6,4da0bc4710d93289ade2c2b87ef9cf5b41575613fa48c0c1ec35ec4f8cd36ec8,"A treats old membership as permanent entitlement despite present boundaries, keeping the same concrete place in dispute.",internal-editorial-rewrite,False,False
S76,S76-single-b,42,31,e6b728150144e0c1865b887e8ecf57b9f3485833896432d2027288b85a37555f,75cac6235aa0b03c9187c3fdccb4fc05963966d385228e74169b6bfe2ba3277f,"A treats old membership as permanent entitlement despite present boundaries, keeping the same concrete place in dispute.",internal-editorial-rewrite,False,False
S77,S77-single-a,34,33,143a7a9933d4d070787dbad93b6ea27566e01a5cfbe02c5e9aab5e219d088261,cd4727f6c096720a94e26b4e6d06cf60fb2d2767bcd21268142b86a75fd5bf60,"A cites specific shared promises as evidence to renegotiate, not as automatic superiority.",internal-editorial-rewrite,False,False
S77,S77-single-b,35,35,69b55bd3172d83aabc86afb38c376ed2e0c63a05159f27871adc9d3efc350e9b,fe563555598d1f7b09db5dc4b9135fa8b6ce86bfed6ffa59d5c03ea059800e51,"A cites specific shared promises as evidence to renegotiate, not as automatic superiority.",internal-editorial-rewrite,False,False
S78,S78-single-a,44,37,b12c8a4754997329b6d3357ae8722e9fc4de2a82df86abe43dba12d2c00fc352,d4fd1e55c69d010a56a1d3a5cdeb083d325ed082f786c4aecd0293365782d101,Private knowledge gives A leverage without stating the secret; B's public setting intensifies that control.,internal-editorial-rewrite,False,False
S78,S78-single-b,39,36,76813a2e5398740eb7bd1a25fafdd67c8728e05182f03a0513e507a88052c884,ce8ef765ff36294733e6066e35fffb3fb83cfe03e83b39820c03b7b604226026,Private knowledge gives A leverage without stating the secret; B's public setting intensifies that control.,internal-editorial-rewrite,False,False
S79,S79-single-a,40,33,8b91d80d6d9f0249158bb26e719a638885dd9daf94883d772271319cbe1bc0b2,d3a37fa9edc8f42507d6fe71723669a4accbbbc35389ee34b88aa77f8e96925d,A revives a specific private shorthand and uses B's partial recall to restore shared rhythm.,internal-editorial-rewrite,False,False
S79,S79-single-b,33,33,2f1671b722d4a27dc857cc5cd51fedf17c850c1cb97b803ecd864c664c3c137b,2527b489a6c6061240b98468064d36c30f6b4ecfa9591d6610a33d47fbcf739c,A revives a specific private shorthand and uses B's partial recall to restore shared rhythm.,internal-editorial-rewrite,False,False
S80,S80-single-a,41,45,e7ed2a7e60196e3995ba550fa66727ce5fe3db40e9e2e2478da7463cbd7aeba7,131bf0b735d715399e22c8f2648b5e2e612d714ce7ffdfd5895a2ba9cfe568c1,A's presence during a past difficulty becomes a claim to present honesty and loyalty.,internal-editorial-rewrite,False,False
S80,S80-single-b,46,37,89fc528248cf6972906d3d90e356d3116071df32d5d79d133ca3910aac92f6e9,da78ff15b4370fb5ba87189b587d85cc4cc5472110a4f573b774354970d3d7c7,A's presence during a past difficulty becomes a claim to present honesty and loyalty.,internal-editorial-rewrite,False,False
S81,S81-single-a,43,36,ee9da182c1112284fe46b44bf04945ff9d4236bbd82c6319220fe5de306169b8,dab23208149e775d69b3989c4883ef1a331cb7f49211ccc2962121ec4926cafc,A resumes the familiar fixer or caretaker role even when B asks for a different kind of presence.,internal-editorial-rewrite,False,False
S81,S81-single-b,38,34,4988db463b84e891888af8a0e8090f517b447a8b9fd0a67f0d80edfe2d652b81,921dbe05993bdb5bc400e8a8082ac3245110f36256883a887f984b67a3b89f6f,A resumes the familiar fixer or caretaker role even when B asks for a different kind of presence.,internal-editorial-rewrite,False,False
S82,S82-single-a,39,32,568948df602cc5a2720d10f413a473b3e67e63ac897687545d28c85ebd9da78c,064b006f719d992164ae568d2ab9188f395655de2f8e7406bf2981b4886906b9,A compares concrete signs of affection and turns innocent practical explanations into further comparisons.,internal-editorial-rewrite,False,False
S82,S82-single-b,39,37,971f3095fb0bda5bd0c241a1bad1d49364098d75664c7c177765664a22ec873e,d26c26fc08ca112ca2f6c798afcd37e0be6acffde46654af520f5fad01093d85,A compares concrete signs of affection and turns innocent practical explanations into further comparisons.,internal-editorial-rewrite,False,False
S83,S83-single-a,38,39,f27c3e5acef84a613af6eb291b706e8fef4f3fe4e6027c4c756a13cf7a11db70,caa1919021a29ba915031b8b970cf78d31d65d58b7545d65d40e4fbdb1a85047,A seeks the familiar person's help reflexively and only notices the habit afterward.,internal-editorial-rewrite,False,False
S83,S83-single-b,42,39,b41956510691cfce7952ec328e3952e8c59242f2de2ff449975da7d89b54bc15,b4095982c561427bb9290e566e845d386db6a8b783685947b49a028b5a749eb1,A seeks the familiar person's help reflexively and only notices the habit afterward.,internal-editorial-rewrite,False,False
S84,S84-single-a,41,27,6de018bb0d3c27bb38dfdef705877c669b1083a3df05ad3e4048d834c624b726,7953834f94c7697e713277ce3b131979c9931c9afe433a2b088c48ec9c7d1667,A claims forgiveness but a small related cue reopens a precise unreconciled detail.,internal-editorial-rewrite,False,False
S84,S84-single-b,40,36,78d0f35211d9a1830bd5a15c2318c416f61f9c31c8f18c87c75d0e52adaf3018,0ec83ef0886f66b578f507d2dcf95aa8719d8df6cf33da3ad7f8eefd24cf0511,A claims forgiveness but a small related cue reopens a precise unreconciled detail.,internal-editorial-rewrite,False,False
S85,S85-single-a,38,34,3ce66d1addced05a2b88971c818585770bff786cf8de171a1dd9e2f27653f57b,ee684000fc2e6a269359349c3697510850d7bd5b02a2a034e118f253fbf99d3e,A envies easy affection and tries to match it through effort disguised as natural warmth.,internal-editorial-rewrite,False,False
S85,S85-single-b,37,31,18eccbc2a84297f898ded940a1766ba7ec5a8035636b054dfa0b20946419bc2a,bf6482477c09829511bd963b04193c495d4fb18fa6742bf99394b4def264b652,A envies easy affection and tries to match it through effort disguised as natural warmth.,internal-editorial-rewrite,False,False
S86,S86-single-a,44,38,a91c5f6f1f4cb0985926cb3e833301fdf5c73a2a37bcb63249f1377ebcb79012,c8a2fa418fb2352f9be61160d68b8bef8c59aabfdae20b5292585da444ae51d7,A performs their old relational self and tries to make past chemistry briefly usable in the present.,internal-editorial-rewrite,False,False
S86,S86-single-b,39,37,5ec8c0a58a8411a245af6df4350f2dbf94f9458a12f31faccaf4e84f4f9437ed,58e0359eeeb85f024f303b33109833eae59cff846212eab8dafeb1487b5fee27,A performs their old relational self and tries to make past chemistry briefly usable in the present.,internal-editorial-rewrite,False,False
S87,S87-single-a,38,36,852723f5043bcf3a0127ef2f45f177e419b82fc17aec2c9017bce8c63286c91e,65c16bbbd4ffaf05ff16d53f994cc42489f04ccb0b63ab90e7018d0e5896ddc8,Small delays or boundaries are interpreted as incremental loss of connection rather than final disaster.,internal-editorial-rewrite,False,False
S87,S87-single-b,46,34,a53daf0e69b16ed5d85124daab958498c7433aa4364cc16d4be7d9319e9532cb,c4599cac6452a5c72eb94b7fa0b6c748d4af089c068809053d0738a0f528fef8,Small delays or boundaries are interpreted as incremental loss of connection rather than final disaster.,internal-editorial-rewrite,False,False
S88,S88-single-a,45,33,042fac113044b512cd355ef6a1f43cb6f906e418890f22f1572f385e79ce9238,38ec6f918b37dc03d44ca7c3764ef1815b3c76490bba3e6fe33f3ac8ec0d7d7f,Monitoring is framed as care and expands as B attempts to reassure A.,internal-editorial-rewrite,False,False
S88,S88-single-b,44,35,78cc7be97d3b8a250671552317d58b4afe229396f9a863463cdc2b3709e2e699,6b131f0fef62242180034806be7bfbc459b44ea4cac641220f7a6eac73412e49,Monitoring is framed as care and expands as B attempts to reassure A.,internal-editorial-rewrite,False,False
S89,S89-single-a,43,33,7855dd351c8118fd902eca189c0ab373e36c40228aaf34531bbac8984ea84aed,0752c0b300ee8e6d608a7468376b8851abc4e4deac2ac0e188cd2b37b4e9ac5b,A asks obliquely whether ordinary signs of special inclusion remain available.,internal-editorial-rewrite,False,False
S89,S89-single-b,44,28,6c295a5cd4986f340d09b42ce1e9b07335f94752d1c78230878cf2d5c362a2a0,a68025e3655377b06448116641e5d70e085876762b3072d280c0e85aa1af9ce7,A asks obliquely whether ordinary signs of special inclusion remain available.,internal-editorial-rewrite,False,False
S90,S90-single-a,39,39,39b6ca08d6ca2c4247a8c14496b87bb85059618bac6067297be9d0a087785df0,ed7d8b126cbdf9e6322c4516be202fd24101757a0ec46738af3d427985d3f832,A invites a specific shared memory that acknowledges their past contribution and continued significance.,internal-editorial-rewrite,False,False
S90,S90-single-b,39,35,b005c6106b6aa938c3dc4d5d717bb40fe65f7bcb73240af279ecb82aec6d76c0,c0d998be02a31a61e80bd8dad9d36e8d1848cc0e608fda3150c4244e482ddee8,A invites a specific shared memory that acknowledges their past contribution and continued significance.,internal-editorial-rewrite,False,False
S91,S91-single-a,38,36,ab0a9efe4283beb4fd90300e8a59457427a888f006ecbcc0772d87231b85f3bb,4d1171f3fc1f3fd210978669615f100492fa1092050e42ecbc3b6a2bac419f49,A shared ritual becomes proof of an ongoing relationship; practical business cannot proceed until it is honored.,internal-editorial-rewrite,False,False
S91,S91-single-b,33,34,fd1ae7762c2e090bc3a953483945294e48ea0c58008c9f00cdc0caea16fb1211,b4a118fd150077cf431a458e52c93fabba6f76b2242d9aa0b2cc74ff1ee3783b,A shared ritual becomes proof of an ongoing relationship; practical business cannot proceed until it is honored.,internal-editorial-rewrite,False,False
S92,S92-single-a,41,35,942c56a2d6315e9aa6f03922a3a0e5a0e43ec019430399db8e0aa908e1102420,c8010466d41871fa91fe65d8e86719f5f332c4d0588f896259e631a1296402c0,A reads a minor changed plan as the first step of permanent separation and begins practical farewell behavior.,internal-editorial-rewrite,False,False
S92,S92-single-b,44,33,d06f82e8c8a5a1ebff0a51b8b4c477ac6d6d97acd1839c23d54e4770ac034420,d997f4d8d3500c21b48ee6605fa6f6d0d3b0827744b3acd0bee663f57e57534e,A reads a minor changed plan as the first step of permanent separation and begins practical farewell behavior.,internal-editorial-rewrite,False,False
S93,S93-single-a,36,37,be7e0bac6f4eeb6e3fc2742d44ad00c2a4a58ee586db56d30ba7a0a0e3f3c5b2,31d528a1017f621e417a08ed51e027b519b0ac2f8b8c53017d86c25ba13862a6,A treats ordinary familiar gestures as reassuring evidence even when B offers a mundane explanation.,internal-editorial-rewrite,False,False
S93,S93-single-b,42,37,83a95c1af3feb35a4d4ba2ce2bb1af4f423fb798b30c8fc1569c32907a3db299,4e7944645622417f8b68bb5cf72eddea31ed7c8151ce6240b0cf20cebd6c2aa9,A treats ordinary familiar gestures as reassuring evidence even when B offers a mundane explanation.,internal-editorial-rewrite,False,False
S94,S94-single-a,44,38,edaf0aa140c8b8d8fc2bca8b750fd896cd36c3812a26556d55309adf11782d93,5e19548fd72f2134db35dc899a4a78f71ce623215c16879f8660a00842c6dabe,A accepts emotional complexity and translates it into a manageable concrete act of connection.,internal-editorial-rewrite,False,False
S94,S94-single-b,43,35,4bb2ea6eb2b1673734e06f25fd02a7dff2c665c6373f905b7662cdbdd4df57a3,7072447b1fbbc0b57f24e878a6ab715f92395f88c211f208175d20ca2eb20e46,A accepts emotional complexity and translates it into a manageable concrete act of connection.,internal-editorial-rewrite,False,False
S95,S95-single-a,41,36,286fe6c956f747dc60220cc1bd33895429113951f592a38fb00ccca9f3ad1d8e,107600e407a835889256697a6cce6aa8494f17eb2154d2ddc84652fba8671c12,"One exact phrase becomes the object of sustained relational interpretation, with B's clarification giving A new wording to inspect.",internal-editorial-rewrite,False,False
S95,S95-single-b,39,26,f931ab35d233391b4ed9ce44fb66985f63a5efb5b23127838600f24ec3e611e1,0ec3187a0d5beebcd559638061d64d2a325b8ff7f76ab303d8026f2e76216c5b,"One exact phrase becomes the object of sustained relational interpretation, with B's clarification giving A new wording to inspect.",internal-editorial-rewrite,False,False
S96,S96-single-a,43,34,31ebbe01739cf12d73e9e5e91106807f87a994c0f1180f575e0cf5c840e1bea4,3a3f9784dd007978ba3ec102655bc24c860abf405a740a310d5ebb4003d78eab,A interprets repeated encounters as fate and recruits practical coincidences into that belief.,internal-editorial-rewrite,False,False
S96,S96-single-b,35,35,82509ba29af2c14ef6258dc1527194488d5d793abc2e661d4c7b5dc225ae7476,af353359ccf05ee611e332766b72c9fb5b46c64d0a8556341e5debd2177e6138,A interprets repeated encounters as fate and recruits practical coincidences into that belief.,internal-editorial-rewrite,False,False
S97,S97-single-a,37,39,60cdf71284948dd25d94994529b71abcf5fe69e25d122fa4d2289523c576944a,0d80ca126f251efa14fa4c1b2f0c3ab9d91b3105ce772ee26f167fdd5228f98d,"A's mood determines the agenda, even when B's event ordinarily deserves attention.",internal-editorial-rewrite,False,False
S97,S97-single-b,47,37,eea7ff024751078d86c0d83bc874a661d4bfa76ea36f78ab1e5565826e5b70fc,b5d5a6f92a17aea95e7a724513ac15be314fbd363bb5e3782c0cbbb13f13305f,"A's mood determines the agenda, even when B's event ordinarily deserves attention.",internal-editorial-rewrite,False,False
S98,S98-single-a,42,39,3dcc919c7f0ce22ac8501b6ef74c487e7f4cf620f78ab10c1ad4caea7de653c2,329ac76361ace43b12bfedb9454f5d3f158d3a40300fd4959326c1ccfdebcde5,A can project calm only if the environment cooperates; unexpected facts force ever tighter control of delivery.,internal-editorial-rewrite,False,False
S98,S98-single-b,41,31,bd89917b66208a573c037261c251ed099157245ba1bae583034d76b03d4ceb05,8f61b4cbf0a3a3e88aadecd2790e441e721c154acd4f09ce1d39dbdde256355c,A can project calm only if the environment cooperates; unexpected facts force ever tighter control of delivery.,internal-editorial-rewrite,False,False
S99,S99-single-a,33,34,54be45d6fd82687d9811e08f95c200e200664cace90172a9f000cac2562557fb,e82a5fc94f305489e02323bd87defefca2aad7622f4f374c102ee1420957cb0e,A turns ordinary answers and resistance into expert emotional diagnoses.,internal-editorial-rewrite,False,False
S99,S99-single-b,31,35,1142bd1f98da8febc5b2aa446593f5e0bbb698f16821bbe84a17811ed1226d25,6704373982a2ec101697ccc832e7ead2ee1364d7c04b25b233ad25fe618ec7f1,A turns ordinary answers and resistance into expert emotional diagnoses.,internal-editorial-rewrite,False,False
S100,S100-single-a,45,42,ab99cd408d20b63efb383f68c4d87b4c8048c825de2d1d64263cb086927caa9e,97c322ed86c5cce3258bdaa2b566f983287078ebdfc33f8934f5dc44d26c20c3,Endurance becomes A's credential for patience and participation rather than a request for sympathy.,internal-editorial-rewrite,False,False
S100,S100-single-b,43,41,99e9590ec4d540509afcecfd33683e33cd87a7e11d28ef358ba6506cb8e3055f,b6e1eeb1317d8f1e2f3abdcebfd2de26082fad5c7dbb68e4ce1d6e020ada7ba0,Endurance becomes A's credential for patience and participation rather than a request for sympathy.,internal-editorial-rewrite,False,False
S101,S101-single-a,43,34,419caca36652fe8b1efbdc04c3d167f67b7a8da150919f126fa940e6128d74ca,609a08e569e0ebdcdf1056a63041f10afd1010380a7a5e272c56a606fcb9cb30,"A converts personal survival experience into emotional seniority, coaching and judging B's response.",internal-editorial-rewrite,False,False
S101,S101-single-b,42,34,7b46f7bab0cc014c4c6b99fded8c6facddf77689644cacbc25ce4d00bf2141f7,481f5510878d3ad8c2c494c5c83ec5d8713778f45159992f9c2702653beeae0f,"A converts personal survival experience into emotional seniority, coaching and judging B's response.",internal-editorial-rewrite,False,False
S102,S102-single-a,42,40,15e722f8b1fae7ce48b3a13fa9007d941d1b0a4a04dcecdb2b49e07d355ac45d,0f975e8b9c898b1a2e6db1a420f8083df355f7f525eb574335ea0e345e76ac55,A's careful understatement and withdrawn praise exert pressure without a direct command.,internal-editorial-rewrite,False,False
S102,S102-single-b,41,41,488a0dbd8d411eb969cf64edd9837769a618ef44a8f8340284b6585e010c8137,968a424592711e8ae6a532846a53d005473b1e05930bebe412ac8268933998d4,A's careful understatement and withdrawn praise exert pressure without a direct command.,internal-editorial-rewrite,False,False
S103,S103-single-a,41,37,8296a43d17fd39203f4744e1278297472f6d809fc7a8c1952ea4f52e2b3e256f,82b0f73a0fbfc638b6ed034f34d1c74d57a410cda67b737f0fc9590159b33cef,A returns to an earlier shared hope as an emotional base without denying present disappointment.,internal-editorial-rewrite,False,False
S103,S103-single-b,43,35,a4ca64033557b39a4b4ad4571c1bbbf0e0aa6a9f16fe90bab224b717724cd85b,fb7f94205256889ecdf268762cc3fb9d74f345ebcf5b184f51e1468ac003b8c3,A returns to an earlier shared hope as an emotional base without denying present disappointment.,internal-editorial-rewrite,False,False
S104,S104-single-a,44,45,3bc3445661e45d7739d16e3479d07716ff60e594f5e1f8d1a587a8632b2e3dae,6e2613aa328c36093f8be0759e3c177f8a00516ef0d14e2f744c6d37c21664ac,Past comfort creates an ongoing bond and a claim to honest reciprocal presence.,internal-editorial-rewrite,False,False
S104,S104-single-b,43,42,78b1893682a11a540d0fe7e5f0333d95a5eb8046426428f1a7cab28a84e966d2,276b19a66c8453a38a39083ed16b3a9f6a3506f2679fd7c567588f5552549e9a,Past comfort creates an ongoing bond and a claim to honest reciprocal presence.,internal-editorial-rewrite,False,False
S105,S105-single-a,39,36,7abc66e260f2c6ee1b410ec6fc518f46f3c5410813c92f51c908e9de66bd9dc2,90c0f0b46bc0f9e02365c1b8dc350c1cb00958373e48e7a804c176b11475569d,A steadies others and rejects care directed toward their own visible need.,internal-editorial-rewrite,False,False
S105,S105-single-b,41,34,a78c8aba70425ffae5b14e67feae1913bab4a25772ffad930f72da0ed4051159,3708a8b87a129b7b34a4c854521ef9fe7df8eaf84fd87930a635f7fc08e03573,A steadies others and rejects care directed toward their own visible need.,internal-editorial-rewrite,False,False
S106,S106-single-a,43,36,b4caa0aa5e6786f3a5bb478796ea1f0890e63cfd1b73819c22a48b1b49f1fee5,848b1058f68aeab7c8d59b3c32c894874d5d592b131d294029918c28e70f0ca9,A measures another's disappointment against their own greater history and competes for conversational weight.,internal-editorial-rewrite,False,False
S106,S106-single-b,44,39,4540392ebb10c4d8dd1c31cd6f8b5a55838b00eb24ebe04c1ad4a4a99bb311de,13519411893504ca29f4a9e75daa05f9a49a561c4e6ef08ba0f66f97fdc67dbc,A measures another's disappointment against their own greater history and competes for conversational weight.,internal-editorial-rewrite,False,False
S107,S107-single-a,44,40,d8de8a0c88a2b6b0a97b2034adbf3990800e0d04083403da5858f20154f67355,a7f40f6eea3f5f145167a86d0cf974cb8be9167e87cac84cd6ea4d23378491dc,A uses one person's reaction as a safety gauge while denying dependence on that reassurance.,internal-editorial-rewrite,False,False
S107,S107-single-b,42,33,ee32ad0f92e5560982cb642861d17178a9c22f3ec03adf6bd4eb9b6abd4bcd64,9b2f250a9bbff02676852cde66bc8ddde7401f8bc675084167f2195c0d0a6043,A uses one person's reaction as a safety gauge while denying dependence on that reassurance.,internal-editorial-rewrite,False,False
S108,S108-single-a,44,35,0a77df44ba639adc81ef824b1267e3c3e1b866d2943ff919090bd18b719715b8,e1cf8b5ba7ac903666d532ebe8ae7c1cd606a2c176a2fd737f3046ad60740386,"A overcontrols one harmless cue associated with old hurt, keeping each scene on a single concrete trigger.",internal-editorial-rewrite,False,False
S108,S108-single-b,37,33,423612771ea54c69102d7a9baa67d6a619e4f4cbe656da79ea4b71b3131ceac3,5adeb2b1608f30649fba08cc22938e996c424492885093bef0d808dc081e4162,"A overcontrols one harmless cue associated with old hurt, keeping each scene on a single concrete trigger.",internal-editorial-rewrite,False,False
S109,S109-single-a,38,38,85fe604982119e9b894cf9179986064f4d327277dc0353e8fcc81252fa2907cf,f072d219cf591f67925212eb8201c77d488a341206d090e0152656ec66b962b8,A admires emotional courage but resents how easily B appears to manage it.,internal-editorial-rewrite,False,False
S109,S109-single-b,39,37,0f6dd8c0ce4c56ae73712014b839428dbfcb4904f89d7e0fc0250a201687ff49,79ff4c28dabca70eda1ddabe22a620dc6b13746a76015c4c53a7643424933b28,A admires emotional courage but resents how easily B appears to manage it.,internal-editorial-rewrite,False,False
S110,S110-single-a,36,36,5c6ec96065eb9c1f9da189e6de352e4c3c03e5fa8ef7359ee25308549296178f,7420d802c1259e42ef25c73bd1145a7a24a0aa27eeffa82956cd07bdee9637c3,A deliberately revives an older hopeful self and defends a hopeful statement against qualification.,internal-editorial-rewrite,False,False
S110,S110-single-b,35,33,7e7e90ba29902beb8e0997f0cc447b8bf0da7caf09d193971c90f61ea12e5433,5396669c64703ffe7d378ada6443a52a381af02b408e8ff263fb35e6bc91e6f1,A deliberately revives an older hopeful self and defends a hopeful statement against qualification.,internal-editorial-rewrite,False,False
S111,S111-single-a,44,36,9fc144623609a68e89aa50ba6040e93e1098e672d6339596e79c340e47c6f184,6dba9f52e187f255522b71a27dd75d8fcf95e66ff70a4e0ec1c8d50900220ac0,A prepares for loss before the uncertain message arrives and interprets reassurance as a possible preface.,internal-editorial-rewrite,False,False
S111,S111-single-b,43,36,1f89be99e497cde7528e9e95e15d266cfac0121a14ae876b0cad480ca1818c62,123cd97e1fbcb29b2cdf7b459b638f90c9c48a592b8ef96bcfc50970d4101340,A prepares for loss before the uncertain message arrives and interprets reassurance as a possible preface.,internal-editorial-rewrite,False,False
S112,S112-single-a,39,41,1b66b8da0c00e6c9da45b73e7a34e5764abade7a44dbf2705d5f577d97a624df,228fe2223db4cf0e88f042bf25da308bff0916a82c89c2103311b1bfb4a7c7ab,"A manages which emotional burdens others encounter, treating other people's autonomy as another burden to carry.",internal-editorial-rewrite,False,False
S112,S112-single-b,44,40,db441470e4c72c6e8a9e61dddd8236ba78753e7995b65720f07453a3e1698471,97dc56dff0fd5215b97336bb55899507482e6a3ee71c9360454430d6fd9ff6ce,"A manages which emotional burdens others encounter, treating other people's autonomy as another burden to carry.",internal-editorial-rewrite,False,False
S113,S113-single-a,33,32,8eeb651fc1816c597dfeda69699f82ba92dc29bcbd557a6ca5cacad848336d6d,a0604f001690f36da94871882f4cd4cb7fc882c5443d5cb3707bb6b20ebf7836,Each incomplete reassurance triggers a practical adjustment intended to restore acceptance.,internal-editorial-rewrite,False,False
S113,S113-single-b,35,30,01c22248d7987a4369804f4173edc5cc0d384aa8d8885ae2d7faa70db2df46cb,6be5983cfb158ae67c4eebf38ee7507bd8aab5bba6a591874b72a5e2bcf8a686,Each incomplete reassurance triggers a practical adjustment intended to restore acceptance.,internal-editorial-rewrite,False,False
S114,S114-single-a,41,35,5d16155db8a8d3938ec84a9aff45aa44e1912d6be5a29d31064d3c568259f52b,32939ff990e2273ed78ca21464e9b7a9dd6082276b2592c97f64d552d45079f6,"A redirects concern into respect for endurance, refusing the framing of pity.",internal-editorial-rewrite,False,False
S114,S114-single-b,39,31,75fd91d0ce91b1de113e66e6681d3763010996d9b366031bfbff0e3fb000be11,76f1ff0b7a42e5d166900362b22b24d95319648eb46c10fc961bd7b148885c71,"A redirects concern into respect for endurance, refusing the framing of pity.",internal-editorial-rewrite,False,False
S115,S115-single-a,39,39,7c3f12ce24fc306e25d722e415ca042b2eb0e6cca6d55e13f8e76f8144778071,094e482a36c845d5ebc7ed31c3553226f476651d39b54afc74b00c96a4db00f5,A controls an exact ritual of remembering or goodbye; the feeling is sincere and the comedy lies in procedure.,internal-editorial-rewrite,False,False
S115,S115-single-b,39,39,f095a4d2cb6e690c1023e84e20696156a71a898e07c46244818264fa120beb18,e8ad106d152a1e24d15f08e4445b86571c280ece64cc5af6fe6138c6e3401ad3,A controls an exact ritual of remembering or goodbye; the feeling is sincere and the comedy lies in procedure.,internal-editorial-rewrite,False,False
S116,S116-single-a,42,36,d6ae45bd07cc85e46a4b2a90efe52b85b2b7e6d2e2d1b172745583a08cd586e2,6c5e5e750c0846ffd5a198a7a9dcc361bf9c7b5246b5878daa12716b2ab94816,A treats minor changes of expression as immediate emotional emergencies and escalates the intervention.,internal-editorial-rewrite,False,False
S116,S116-single-b,38,33,dc3f01a0a2327733fffbd18238c3facf5a4a13d4b727d4de15c6370b9e120b06,765c357bbd8d64586501a86870b48fa7bedbb711762d346f6c0ff891c1e288cb,A treats minor changes of expression as immediate emotional emergencies and escalates the intervention.,internal-editorial-rewrite,False,False
S117,S117-single-a,40,35,a008087f51400d429b6d2db90dcc0fff5ae1b6878856aef3610bf9f75013531d,cd28699ae2025b856f0ec4945a5f8348b50190152959009e84b8043ff911d116,A interprets tiny improvements as concrete evidence that the best outcome is already gathering momentum.,internal-editorial-rewrite,False,False
S117,S117-single-b,40,30,285701a866098ba6fc97ac121ef906e22422bc2f6285ac9de1029de6f8f90b26,b5079b6d4b518dc008c5f50ad96bd92caf6ceda39d88980dd73de2b075f4ed56,A interprets tiny improvements as concrete evidence that the best outcome is already gathering momentum.,internal-editorial-rewrite,False,False
S118,S118-single-a,42,31,f592ef26b78b3f7d5bee7791b577147234c5889a5c5d1805049798fa7ad16ee4,952c0195ee752c6b53e8d9631882b82cc19a5bc65f0b150640c86d08aac648f0,"A validates the feeling without explanation and offers one concrete, negotiable practical support.",internal-editorial-rewrite,False,False
S118,S118-single-b,41,35,23397af9260012f68a0dd5ba668ef2d48507fcfb6d571107b989d48ee6e5bed6,be7248ecae7ca53dc12f03edd4e628d23ca6d0f79ee6d1af0a554c9d539fdf9f,"A validates the feeling without explanation and offers one concrete, negotiable practical support.",internal-editorial-rewrite,False,False
S119,S119-single-a,39,38,da721b87ec44c1a93ba83debe26ae1f14ec63271c29c666dacdfec4b0e3f830d,551b4d25f7137103c41b4e5485bd75e4f346c918f4ca405f7ca8c92edb842378,A treats one tiny signal as the definitive emotional evidence and examines it beyond B's explanation.,internal-editorial-rewrite,False,False
S119,S119-single-b,36,35,b74fb60211e8075a8a4a0723b7aa8b292716186e363f7b892d1b15fdf25fb560,f4966d7735aae5548c8fca0706ac7caaed9f326b7fde96bd60e22b110c7c8b09,A treats one tiny signal as the definitive emotional evidence and examines it beyond B's explanation.,internal-editorial-rewrite,False,False
S120,S120-single-a,41,38,e2cf5a25e53e15cb971de70a4ba0dd34b271039f4753811d0c18812f7f570f93,253f4adb60f558c14168c95c8636db2e0acc0c6aa0666ffd6448725133eed395,A declares an ordinary emotional shift to be the dividing point of life and formalises its aftermath.,internal-editorial-rewrite,False,False
S120,S120-single-b,44,34,0a271951fee290a49b9b425bb960b9916d5551335151975e0f81065cd7964513,41f593a89a3b4d12d07a6f86327274635ee610c90e02c65b64cbb79ee864c134,A declares an ordinary emotional shift to be the dividing point of life and formalises its aftermath.,internal-editorial-rewrite,False,False
S121,S121-single-a,41,34,8a2d8c5331442fd265f1009ce4b1af95944a5153d7bfe56e56e37dd6574b7b40,2e11fca0d1bcfdceb9a91a365b36eb4ecaa2399840a8f80367cda52ea982ab2d,A determines the permitted subject matter through staged disclosure rather than simply keeping everything secret.,internal-editorial-rewrite,False,False
S121,S121-single-b,34,36,151ecb4174ce5d0ce85d8afd0e2c1cfd3ce21b8408903ef3dfed569d6974ff62,109c55376347cd52a861f55394009e2fbbd9ec5b28c1ca609ee27ff0dcf39a88,A determines the permitted subject matter through staged disclosure rather than simply keeping everything secret.,internal-editorial-rewrite,False,False
S122,S122-single-a,37,32,611204d92c80e00c769285283a0b8c440e20531b28e986cf09009a8f349b1f31,fca5beeb78c017f8499c851886f8bad18e1270599887f61e2fdf0fa95bf042d5,Confident half-answers conceal A's lack of knowledge until a precise question threatens the bluff.,internal-editorial-rewrite,False,False
S122,S122-single-b,41,30,5c3f58a40d85eb4c8f265277486696ec81dc7558b30e48e7956cbf5f02a389e1,4f733c7efb4d0aabf127673a288f5c3cf7262c6cd580ef45d9cdf01588b6803d,Confident half-answers conceal A's lack of knowledge until a precise question threatens the bluff.,internal-editorial-rewrite,False,False
S123,S123-single-a,40,34,620235a295cf3e424855ace67a2f8ee71649a977f330a50981480f0b7b22fcd8,283339158af4fc9da1684944819e8f880745989f28fa3fdd3c5285e74ede0d26,A treats small inconsistencies as investigative evidence and follows a specific discrepancy through B's practical explanation.,internal-editorial-rewrite,False,False
S123,S123-single-b,39,30,e81c11942d5c918e05cb6772f01243f6b5d41111d629a81a033dff4d2fed78da,1a80dd1db202d5f69099419915ee695755a9690441f87223f40e8feea6cab10c,A treats small inconsistencies as investigative evidence and follows a specific discrepancy through B's practical explanation.,internal-editorial-rewrite,False,False
S124,S124-single-a,42,43,419645257cf7ec41e00bea47402471aa7c856d5276b5fb80692ca7c1d74c13ac,5f1d4a3caecfdd769b30b7a9a23a69b3e51ef216699839321980a5f542c1027c,Restricted information becomes a test of A's membership; B's practical boundary triggers a more personal demand.,internal-editorial-rewrite,False,False
S124,S124-single-b,38,43,a26ea750e44d9ad479e6e514aec49267ccb33afda63694039f6d2b7f6aa6c6d6,f1b2d8e4cd03c80a0105e2b279d269ead460c011e534aa27af5d5ba12c9b013d,Restricted information becomes a test of A's membership; B's practical boundary triggers a more personal demand.,internal-editorial-rewrite,False,False
S125,S125-single-a,41,36,c3de991788cdca78ae200f0b65c7b23c1affa6a3bc523a764b5adb2813838b73,ed26a8fbaf42b9138ce89e8089fb3184a0a784a5de59fa7bcdf0360a62854935,A dispenses knowledge as initiation and preserves rank by withholding the next step.,internal-editorial-rewrite,False,False
S125,S125-single-b,39,39,b2a2350064c78558937a81b357f81309f2b501511bf2aeaec9fa00e1ce545e11,62a785add891ec9587b167926f34d9452293c8d1aeb8cdff1952c16d4d421018,A dispenses knowledge as initiation and preserves rank by withholding the next step.,internal-editorial-rewrite,False,False
S126,S126-single-a,44,41,db3620e58bf7dad9d1d5955bca27e7ed1ce365169d0bf723a3eee7053b9fc5bb,bc9364810993c320c6a3b55f19d50fb8cb71412588d0f7ecc6095c0574646e8a,A releases useful information incrementally to shape decisions while sounding cooperative.,internal-editorial-rewrite,False,False
S126,S126-single-b,42,34,8b4c1be334c800497c9c34e5f798c5d84dc1b869632c1b8edaed9e18126cf088,fb9a4d041693cf22f0a8c656a00c468c0fad4cbc3a101e1478e0b4f88b3887af,A releases useful information incrementally to shape decisions while sounding cooperative.,internal-editorial-rewrite,False,False
S127,S127-single-a,43,34,ad1710670afe635a4f13688a5e6355f6facfb76a2917a9f78a1f1d7c896f520d,be9e7eebd9e9a140102063087c8d4d4eb120444b8c4eed76bec297f530db9b71,"An old shared secret is treated as the durable core of connection, even when its practical relevance has vanished.",internal-editorial-rewrite,False,False
S127,S127-single-b,42,36,fa45b35860f188fbcdfed7b6ea6b80ba781dfee8dbe5ecdd81629b07572bb791,f3cb6d642c91f31ef61079ce1fecefcbb5dfb2bafb42e497e0fb510e60a6f4bd,"An old shared secret is treated as the durable core of connection, even when its practical relevance has vanished.",internal-editorial-rewrite,False,False
S128,S128-single-a,44,39,56ddc74fc0b1100be7fcd4be043230d81b1ca90c93f7a8fceb92c878d7f31e24,219f633fa87d59147594a197adaaf35243dc38f3c8bdd5b799a1c0421d26cc65,A treats an old cover story as an unpaid investment requiring current loyalty or protection.,internal-editorial-rewrite,False,False
S128,S128-single-b,38,38,66a5a70447b71a607da140388cc1ca954cdc8afde3a890f55601c13b082a5d00,0a728ff67fa6cc82ca8512dd2046a8e52da501df9e83d24935981b9632e80623,A treats an old cover story as an unpaid investment requiring current loyalty or protection.,internal-editorial-rewrite,False,False
S129,S129-single-a,42,39,c072c42d7387e0b78c840f64d67fee06a76313d327e50d3e249f76ef04b9d9a1,fb20a70c955e424e408c816afcc11e5ee1d4aadd3eccdccd0b52d9b01664819d,"A reflexively repairs stories and evidence for others, treating contradictory details as a familiar cleanup job.",internal-editorial-rewrite,False,False
S129,S129-single-b,38,37,5492ab1b9bf9f2b27c11abb563b0244085f925868cc0f5a1ec157854efde5649,140f2070117a66f58c0d2f500a90faae88113def9ce6938156b2480c5a125ccc,"A reflexively repairs stories and evidence for others, treating contradictory details as a familiar cleanup job.",internal-editorial-rewrite,False,False
S130,S130-single-a,36,34,66b0e17d3981549d44db2554f14db1ab1b70b044acc1875033177705d4f84403,9832edce55e3bfaa9623d9c280f1cde7ad4337880b1b9d91cb162ae91116db16,A competes over discovery itself; each collaborative step becomes a claim to having solved first.,internal-editorial-rewrite,False,False
S130,S130-single-b,42,33,981269f577145d4fe98ab45c48d16d7d8844e2c243ead6c88fa831720caa4039,9a2bedf130a3e2cee8d33c22ce0d6f53df9aa8e789d8c71fc740b9cdfd34b3c7,A competes over discovery itself; each collaborative step becomes a claim to having solved first.,internal-editorial-rewrite,False,False
S131,S131-single-a,42,37,17ba36ad2d6e91e078c85f1feeec917d6923bcb6a6252adf65c86f2b563feefe,a917961421b73ef38425919aff1927d143404a121a96cf120ac49bf4a58aa68e,A reserves honest speech for one trusted person and downplays how much their discretion enables it.,internal-editorial-rewrite,False,False
S131,S131-single-b,39,44,de2d4179a81973541aff938492c2b8b308b08a4273a0b988d40ad447fb6a255f,87034b25a809fe5b3a89cfe6bf09cd9b5ef004180f58f88dd420c7e0798a4def,A reserves honest speech for one trusted person and downplays how much their discretion enables it.,internal-editorial-rewrite,False,False
S132,S132-single-a,42,40,7a7474fde0c268146d8327d7141178fbcd3ddbef704154aeceadb9eb3195e982,5798fb0f60505f906ed4eafb58364c0eead69d23969ab80adbd0de484276036f,An old unanswered question interrupts current practical business until its missing truth is acknowledged.,internal-editorial-rewrite,False,False
S132,S132-single-b,39,41,e3d6264faef9bf89b63b117823fabb02f782e08950b610c9662e2073bea80744,0c1f74b1cf11854c5d0bc2068d26f096f207763e29bce660f313982b943da466,An old unanswered question interrupts current practical business until its missing truth is acknowledged.,internal-editorial-rewrite,False,False
S133,S133-single-a,42,39,f19dd862be76154f23d168f74b60ab0d82f097245a34e2093e82c3c3ac7f684e,57970a9a7628ad2631c964c9a0ba21106bd3b5ee32b6c36c53b9cf1fd521c01a,A admires apparent innocence and copies its delivery while resenting their own visible strain.,internal-editorial-rewrite,False,False
S133,S133-single-b,37,27,0b91b17894562a3ca3a47a3bc961c7fb9646bf6429c7305144be51e22a495dcd,7a9e4f049ffe45e05aadcfc54d22598fd5e8598aaf9a9569af7641dd32027688,A admires apparent innocence and copies its delivery while resenting their own visible strain.,internal-editorial-rewrite,False,False
S134,S134-single-a,42,38,dd041ea888319c4c3c92f64cc2cecf30e02dd95a40a9bed610ecf0ab4dcd5adf,5312d8ad3fe5ef7e65f768581b68bce6545bd2f532ae8eb35db947e2a3b87402,"A seeks a moment in the old explanation before accepting a new difficult truth, without disputing the evidence.",internal-editorial-rewrite,False,False
S134,S134-single-b,44,37,b1ad8f59d3d86db696d007ef8475d191391396718b1e3c02ec822c39c714fe07,4d25985f961e1d3919697c253d22570e132f1b512e7b84b99ff3808574d21e6f,"A seeks a moment in the old explanation before accepting a new difficult truth, without disputing the evidence.",internal-editorial-rewrite,False,False
S135,S135-single-a,38,26,1af3c2b24ba5ce744650d7231dab2c183e227ea34b486f9c0903d11c246b2523,7162a193266bb6167d1adeded89af37614de96656b0984144d24a559d605c5e5,"Ordinary privacy is interpreted as evidence of exclusion, with each denial becoming another suspicious detail.",internal-editorial-rewrite,False,False
S135,S135-single-b,42,34,fe167329d46347a5784906fdc9658773ad4a2a81223d2f6c71c9c14a0b634e3c,cc7b687f9200119c4d9427d511f1cc45129421d0b931366aebe5a35dbaf854bb,"Ordinary privacy is interpreted as evidence of exclusion, with each denial becoming another suspicious detail.",internal-editorial-rewrite,False,False
S136,S136-single-a,44,38,da3f7e0c66f4ed740e61fe9a96701ae5652aba3bc0eeed3a5f2d725b08138af9,6783301a4bb51f0442b35db7a9c36b8b61ac58b158e70605bac02c2ac682596c,A withholds information based on their own assessment of another person's readiness and timing.,internal-editorial-rewrite,False,False
S136,S136-single-b,42,36,5176f32ed18dc7c934c38151f3eea06debcc42057ba8d53f94d30ce8d9f70100,a4dd492266ecd6f39dfdf0a038a959fff3db300165999a9c6de0d25197770826,A withholds information based on their own assessment of another person's readiness and timing.,internal-editorial-rewrite,False,False
S137,S137-single-a,45,44,5e19e77e62159ac8896e553dbc2d3bd564f61348bf98330a3340c548f10d40fd,48e6246d922791203e262776e3336609f46825390540407fffc9edd1f193e4a8,Being the original confidant is treated as proof of closeness; wider disclosure threatens that special role.,internal-editorial-rewrite,False,False
S137,S137-single-b,42,37,70797053639120454efe2efc5195ae04b4b52d28eac6581512b24e2e02ae464f,c02629d5e8bd4bf27a124ea98bd9b235d97b8fbd8cf7c624a6f852e947cebe58,Being the original confidant is treated as proof of closeness; wider disclosure threatens that special role.,internal-editorial-rewrite,False,False
S138,S138-single-a,41,42,b98d3498f4f234664cb862533f8fddcc27179928f720f70063e97862f443611d,e50037e1e7fe083c6d9b8843216b85bee409eacd97b31f50b042ab3375682e01,A engineers recognition for early insight while pretending the timing is merely factual accuracy.,internal-editorial-rewrite,False,False
S138,S138-single-b,41,32,ad0009773ccaa67834b3e8e7b9d33d6f6c90eafd619099031f416ab05cdbfc9c,9d2c0781917a8ae1151402f10305fa499904ca0b3ef0a87686b791c4971a6623,A engineers recognition for early insight while pretending the timing is merely factual accuracy.,internal-editorial-rewrite,False,False
S139,S139-single-a,38,28,582ad99883ad48f53933898e2821e2e0ad28297cc44e90d772fb3a9e7fd30a49,c9147eba8010612e77f7634b9ef9cb20db35eda17c570d555e528d4050d86806,Secrecy is an exact ritual even for trivial business; B's convenience request creates another protocol requirement.,internal-editorial-rewrite,False,False
S139,S139-single-b,42,30,7501fedf30542c51bdbdc21fbb73fc5fa9475b87bcbb8a5a7643b6aea7e9644f,83e8c2ce16ff4e689473a0a62094971a6c0a8f257e41775223202cd39f7e4dad,Secrecy is an exact ritual even for trivial business; B's convenience request creates another protocol requirement.,internal-editorial-rewrite,False,False
S140,S140-single-a,41,32,125c21499e191c7eeef7520d48696da86164fc8de59d8e22ae35f2ac27f18136,01b94c15dcb0027bc094889201ddd1cfbbe8b3dc202eb7701ea260a4454d8dfe,A interprets every extra question or copy as accelerating escape of information and expands containment.,internal-editorial-rewrite,False,False
S140,S140-single-b,41,30,0376471529a10760f434be304bee5ace858c84aed338af880cf2db0d14095f53,c5ce909d98bc1c897a49af69db28fdbf21932378f13b0a23101b476fffcc8f50,A interprets every extra question or copy as accelerating escape of information and expands containment.,internal-editorial-rewrite,False,False
S141,S141-single-a,40,34,3757338be9af8dc552b50d955ecf37386f06707ba727a21a505040f8a1df9d6f,bed87d241f1217c39af859adeb4c4f49a1efc1c745059e70563d49abc5cd5504,Missing or contradictory facts delight A and create further investigative appetite.,internal-editorial-rewrite,False,False
S141,S141-single-b,36,37,f789e62764f262aaa1c9029a51ce25f74cb38404a160721a5d11bc31a46460c6,94cd982e98168dd4a787a6ef8d9e384f841da92294588e5f7db1f65b8932a6b2,Missing or contradictory facts delight A and create further investigative appetite.,internal-editorial-rewrite,False,False
S142,S142-single-a,37,37,e1df1884a36f5e740f305c602e1fe236c36ed8ebaf86d4a0e99f18a83fcdbcf4,d6d66553461991daf5a077e26f0a1c8d57b630eccb75d8189676b7d566c3905c,"A accepts secrecy and tests its concrete logistics, witnesses and timing.",internal-editorial-rewrite,False,False
S142,S142-single-b,40,29,c0d38868bb654cea435f5af68c9209b44b0238eafb92fb8324fc4cac629b928c,d491bef4ffe0c47925cb8bc6bb2003151b306d28c1b6f8304ee8d97313a6572c,"A accepts secrecy and tests its concrete logistics, witnesses and timing.",internal-editorial-rewrite,False,False
S143,S143-single-a,41,36,c5eb37b8cc83146a5d1c97db75fd4343d6266158e1ba90f74afed65b181d8e3b,53a640fc598b2428c33395db65a026b427bb29a66084c6a68d5278b35936a620,One specific mundane clue dominates A's explanation while larger evidence is held back.,internal-editorial-rewrite,False,False
S143,S143-single-b,41,35,8ed7d33fcd29fb0e1749538dee9370b5664e3c8db7ef2ecaed4fa39eb2918bc6,6c7cde6fe2cc0b5ba1dcbab5edd23e9b1ce0455985cb9ad3cd02f81ae7930d4c,One specific mundane clue dominates A's explanation while larger evidence is held back.,internal-editorial-rewrite,False,False
S144,S144-single-a,43,35,059735bed0c64ffe43a9638fd4311bb97035ca4df39b39111686d14599e3b9e0,5ef88cfc7af95dcc25d394eebdb782882220a2ce8d0537d58d98259b115d79b6,A maintains competing explanations and changes allegiance as real clues favor one over another.,internal-editorial-rewrite,False,False
S144,S144-single-b,40,27,29ba369a51d598b1f8b0890a18a8a8a7c2dfa4c2eaafbf8e6e7a91a6ef4c495d,3d6f994d31e15662e49d85eaae4a16ffba7f6f0270ea1db24613ec492e236db2,A maintains competing explanations and changes allegiance as real clues favor one over another.,internal-editorial-rewrite,False,False
S145,S145-single-a,35,30,46ed3751908afa0e9c16cf206834320e48a3b82f7f24f52475e38afdaf3070fb,6a10a1e3bd8027a23e2791cdf17abe49e8a002d4f1bc5c919c50b48c8b4982da,A imposes an authoritative interpretation on an impossible event and corrects competing descriptions.,internal-editorial-rewrite,False,False
S145,S145-single-b,43,30,d255b72fd4ce09d66e9a3fb9847521ac00512a1bbe57c7ccd7a27795f6807d91,358516364ea2f352fc74ac8136038924d6c239e062f5a685bb61a95746b85608,A imposes an authoritative interpretation on an impossible event and corrects competing descriptions.,internal-editorial-rewrite,False,False
S146,S146-single-a,34,33,257cd14c7c3f65513b1511613f8b275b6d0e62091400ba9dd0c154e5a4717319,c6d874a5f34fbac2c5ef4c86c733f69a5fac9485d33e18fce591cb4b7b3e8590,A preserves prophetic certainty by adjusting time or meaning to accommodate contradictory facts.,internal-editorial-rewrite,False,False
S146,S146-single-b,35,29,eaf2af7179ecec43a8ae8b0e3a119e4a318af039cbe1ddc9f0bad904c5cc080c,6b69975233d8dbc30a752b364097a854b35733dffa322ac74ad21dac1a3c68fc,A preserves prophetic certainty by adjusting time or meaning to accommodate contradictory facts.,internal-editorial-rewrite,False,False
S147,S147-single-a,33,37,58a9d663b7fab4e0e4581ad8e14b4c07136bff7772271a00a511d81a8221b509,57536336e80d0dc9f831bfbd6ba212e1cc1024e9fcdf9b846683c0acca2b94a0,"A treats impossible details as requiring precise technical handling, keeping the same phenomenon under expert scrutiny.",internal-editorial-rewrite,False,False
S147,S147-single-b,39,29,394e88bf3bdcc19ffb1ba36ccfa9b77191db83634aef0c27b0a84ee394b5eef8,51b88f8ce3f6792c1b54521b0ed4901962c80dcff0cecb981183be55a2a44f8f,"A treats impossible details as requiring precise technical handling, keeping the same phenomenon under expert scrutiny.",internal-editorial-rewrite,False,False
S148,S148-single-a,39,31,7918d916c307ca057a07155c6b6c369b95e7aaad5ed7228edb40b56673e19fc6,dc3442c1a486ad5586c03212afb24da819dd86bb0ccdc69ba1de7934e08452ad,A accepts absurdity to demonstrate belonging and disguises confusion as familiarity with an earlier version.,internal-editorial-rewrite,False,False
S148,S148-single-b,37,32,323fe9c58cfe9b6f37a023d70a8659427f34fb37c2c12cbbcfe8f5c74b6eff65,bbdaa5e0de1e144d62f82d266d567150807ff160174cbfafc3561d4cfa8e6a0c,A accepts absurdity to demonstrate belonging and disguises confusion as familiarity with an earlier version.,internal-editorial-rewrite,False,False
S149,S149-single-a,39,33,65e2311a83e853a7a3ef1ecc4332c52e61977521f6981f098ff940954ebbcc3b,0b4d54de9d95bba3fd19c94623a32ba8f46654854345afb4e91b6aaf202cbaf1,A teaches impossible customs while preserving an unexplained expert shortcut that keeps them senior.,internal-editorial-rewrite,False,False
S149,S149-single-b,42,31,1d6078020d0c932dc6227b5133801b8ff15906b559b1dbaa605d7e7bb431da45,5b67f201b5b073a7eaa1c9c02979d0cb08a6173ee79fe501a4849b893231e61e,A teaches impossible customs while preserving an unexplained expert shortcut that keeps them senior.,internal-editorial-rewrite,False,False
S150,S150-single-a,43,42,8818bc202005eb45f6bd953c952ced3e2d86869d0227d0433639763cec815e11,46d3854597b16a7611ff81b13f85b93233126bbbfd8ac9110e22198b08e4dff9,A's modest control of one normal resource becomes leverage in an impossible setting.,internal-editorial-rewrite,False,False
S150,S150-single-b,37,34,cdec2843068ccdad257df779a8d4e5e58a8ffb8c70054260e13153ec3e5df010,b5bb4a649b754ea495b3e15157e15461e0f12d9ef7430e7c06b4105861905cd5,A's modest control of one normal resource becomes leverage in an impossible setting.,internal-editorial-rewrite,False,False
S151,S151-single-a,36,32,81fbc5abb7143bb4c93ccee5b57b6016465efc54e003674560a6f2ebf6c5547c,2457b85bfc6e2bc08dca2084ef4b51c8ca847e331f8ed02bf03eee6237c6269f,A treats absurd behavior as an old shared habit that B's questioning cannot erase.,internal-editorial-rewrite,False,False
S151,S151-single-b,37,37,5a6c3da6c89155a5d56c3b87702288fc9679b91c29650e8741023f33d2893d3d,8fdf8cb7173dccd4d8d8650e868803e2307f28142e710cf0a087e66acd13dfae,A treats absurd behavior as an old shared habit that B's questioning cannot erase.,internal-editorial-rewrite,False,False
S152,S152-single-a,42,34,f5b6d9e79ac87fc3bf42bd1c8f2d0dec813b7a76a3242a7c60be8985c0082d4a,b07850dd49dd1304444e220972a52ec4d6dc5b52a28733d2d45a37f525106e6d,A treats a small old favor as fair payment for an impossible service and uses the wording of the promise as leverage.,internal-editorial-rewrite,False,False
S152,S152-single-b,43,39,a618a45cbbdf22d5971b0a09825283cb685b591842faf9becf3cf0cfb97c10d5,b02d428aa978eed2d6a2ebe9a878780c6d545ce305afe31ca2fb5f93899fea17,A treats a small old favor as fair payment for an impossible service and uses the wording of the promise as leverage.,internal-editorial-rewrite,False,False
S153,S153-single-a,38,33,722690d350d55d97236dcf132cf814a45c5649296dcaec05817a2316ad030707,47a89ead374fe45b530b0a906fd9633551522dc5811741ad65f5acbdc14785bb,A reflexively manages practical consequences while everyone else focuses on the novelty.,internal-editorial-rewrite,False,False
S153,S153-single-b,33,30,c774f18b87fdd216e2dc179d331d77d6fd6721364b1d9c0b56f322c336d1b014,2e5e1d6cbeec73826aac2448327f57f609f7857b7b035e18009d0ded194bddb5,A reflexively manages practical consequences while everyone else focuses on the novelty.,internal-editorial-rewrite,False,False
S154,S154-single-a,41,34,2637c59938a18995865b77398c4ef84dfd558cb2fb44f19619d7d597e93847a2,aa6ea796b38d7086e0ff1a8a44efad8873fe3d312ccc09d9fb946eec3f0d79e5,Belief becomes a contest of increasingly excessive demonstrations rather than a debate about whether the premise is true.,internal-editorial-rewrite,False,False
S154,S154-single-b,34,29,11546423d70719119df7dd115bd3622151801410bf0cc9c1f3391650c4af489c,5f775b3afc0ac6cb160bf585fae2b19f0477a876f7bf5608ba30a3c13cfb3d9e,Belief becomes a contest of increasingly excessive demonstrations rather than a debate about whether the premise is true.,internal-editorial-rewrite,False,False
S155,S155-single-a,40,32,2b295778947789515221814f1ec2c7ed588500ff10e87e35e699b942a631bf0c,703e43f2c8c1797d724703e4faa4dcf0f69eeb6cd5d6b436f34c8d55a803bd5c,A follows absurd reasoning because it works while refusing to credit it openly.,internal-editorial-rewrite,False,False
S155,S155-single-b,40,32,b489be2de7d26ce5a0ed3fa12597a068caa89282000c7c5e716d818269f4c8ad,8dddb84bb9b7a3fd8c8e2bb4bb45739a6ad3400ad3459907c24a6532f7953c3a,A follows absurd reasoning because it works while refusing to credit it openly.,internal-editorial-rewrite,False,False
S156,S156-single-a,39,35,a5ed26a6027dec4aa16053d2fb83a161ee82d3205bf7db51e4c5e2c0623ea1dd,4d297cbde2573db4c331a3c58df6890664544caf5b7122132917c30218aa947b,A holds an impossible old promise literally binding and demands delivery rather than accepting impossibility as release.,internal-editorial-rewrite,False,False
S156,S156-single-b,39,37,2cd61fe807a6cd88dc6a9c590520ee2a8c22f2ae2db7f177e26d0dce5c0cbc2e,bd3936ba6fa87d4122e740d41f8d4aec90210ce469909f2da494c30406015b27,A holds an impossible old promise literally binding and demands delivery rather than accepting impossibility as release.,internal-editorial-rewrite,False,False
S157,S157-single-a,36,32,5114c16f9dca47f83a775dc1fe1c182782af3ae0ae35f90f380e832a48d686f2,944eccec5bd8bd1e9eeb77a39412e30426154a58a0d0b7a0da8253e7e89ec999,"A competes to appear naturally unsurprised, borrowing B's ease and overshooting it.",internal-editorial-rewrite,False,False
S157,S157-single-b,42,32,944a7e2e9c3cc59a9dce23f1bc7e962480bc6dde8d0d9c2e2843dc9b3ab1fddb,154a72a321393cee83a41706e338a24328bb470a81ba48d9ee621e191f580dd5,"A competes to appear naturally unsurprised, borrowing B's ease and overshooting it.",internal-editorial-rewrite,False,False
S158,S158-single-a,37,35,3c1f8bb92bb3182047d5888641723bc48c39755dbee9cd296fc251f0fa7d135d,e38fbb0578295962ebcb69d9380586476d3ad80f40f2e62af1a4af1ced9d60e2,"A applies outdated ordinary certainty to an impossible world and blames the mismatch on conditions, not the old worldview.",internal-editorial-rewrite,False,False
S158,S158-single-b,46,36,4badd9bf0a7ab31e36d78c17f0092cfb19c1771db8791adc49d4ac8094ba8f29,fb4207fcf968413bc7aded8e1c7b5848e8e82f44d3dad604d3091aedd1595a0b,"A applies outdated ordinary certainty to an impossible world and blames the mismatch on conditions, not the old worldview.",internal-editorial-rewrite,False,False
S159,S159-single-a,32,29,4660b1a09a47f2724c2c3f6749224f4e6acb30b07085d9604fad07ba82053337,e47b78bb2f9a8824de6ef50726ca94a475234c7e3c212d3781c5c0b628e24224,A treats acknowledging impossibility as a risk of attracting reality's attention and urgently normalises the event.,internal-editorial-rewrite,False,False
S159,S159-single-b,35,30,00c97f3357a80ae9c10cb981c3d0dde82cf60be2780483596e68e413fead89b3,0054da0e017b1e524847bf1b91a0f33efb7d4ee5dcbb8ed2b05dbba4c991914c,A treats acknowledging impossibility as a risk of attracting reality's attention and urgently normalises the event.,internal-editorial-rewrite,False,False
S160,S160-single-a,34,32,eb8265f396518b36ceebf1993445c91b93e9505189f5b3d1fc879057737c3753,28375cc7d036c505d3c367599b1fa2fa85b10bedcc7d47264a28faaf9c520586,"A responds to objections with additional impossible safety rules, keeping protection tied to the same imagined hazard.",internal-editorial-rewrite,False,False
S160,S160-single-b,40,30,81d985b338cb5efe212bf761df7deda238bee04fc0d579f7bb8fe47c5e683c1a,3efa800b00df6ca9a07d66714c4e03022c1bbd86c3b81911f75f1f1548da7cee,"A responds to objections with additional impossible safety rules, keeping protection tied to the same imagined hazard.",internal-editorial-rewrite,False,False
S161,S161-single-a,45,39,0c4680755d9ba4b361a731a3523e6406f8e1c074df6048efca980fe70b0d1a3b,721f22fef6b45c148959c07b44c909aaf4103bace2b5793b63096771c395300d,A joins social reactions a beat late and overcompensates to prove inclusion.,internal-editorial-rewrite,False,False
S161,S161-single-b,37,33,3bae980d1058e773791b12df1487e7ce32955919840f6b0488244fab14e01744,c2099629e84382d3cab5b29ffeeafc8f5356e92e80be9b4b080ac5c81e085831,A joins social reactions a beat late and overcompensates to prove inclusion.,internal-editorial-rewrite,False,False
S162,S162-single-a,38,31,5df1a51b894b3fb0e0efa7cb9241834a8c2e86b06d0047e1dee255325dff9261,8b59e9d0eb0f4a2f493aca47feb4262f4a51365c2356ca7cbb56ce4f3df8b30a,A retrospectively presents vague or fresh predictions as early knowledge of a specific impossibility.,internal-editorial-rewrite,False,False
S162,S162-single-b,43,34,b6391bcef705e69a7d1d6e4444f14c59c57cceace0d55dd51f7707bcd9d88916,8674a7888e1c3c088d6ddae9bc76c553079a323382fd08e92ef80b735d8bd63d,A retrospectively presents vague or fresh predictions as early knowledge of a specific impossibility.,internal-editorial-rewrite,False,False
S163,S163-single-a,40,37,25507f3d13caefb21f5865b7eb24d4a39ae2b063623922a8ba074a4ac879373f,8a83dfc1167fb54900157546bd2b0ab122ed58e55dcee1a4cd90587a228ce6ba,Each attempt to finish a simple ceremony creates another required ceremony of completion.,internal-editorial-rewrite,False,False
S163,S163-single-b,39,34,d45a32ccee0cc03201f27c7551077f5ddb7873e5df1697600efe2411afcc6861,b621c5078589ac88fb7631aa44651ae293f6cc4476f510dc069f345722bb24fe,Each attempt to finish a simple ceremony creates another required ceremony of completion.,internal-editorial-rewrite,False,False
S164,S164-single-a,40,33,1935ea3174268f7eb783a07dee61fb3228bb672a533b938b2ccc9e8024e658a4,1868a2d781b2a361e7015242c97c7c8ebf2b3aae187da83b57fbb9c976161854,A interprets ordinary mistakes as failures of reality's structure and attempts physical containment.,internal-editorial-rewrite,False,False
S164,S164-single-b,41,34,f9f57b9c255b13834a39446f8bd130955260bd60a0462671328fe92bc30f92a3,6d1a3dc959031f2ee0ae73129b5213f5331f51b9a440eb84a57ef2e13718ec66,A interprets ordinary mistakes as failures of reality's structure and attempts physical containment.,internal-editorial-rewrite,False,False
S165,S165-single-a,36,29,6f398d504c0cc01283a4f83ff9db1cdc0b65283e21ef24b901c3f461fbfe79ea,4576963ced5269ae4289b5b2f508ea02d9b85e841b91f2867ea5c9ccaf0f5191,"An impossible change is celebrated for removing a mundane limit, with new problems creating more opportunities.",internal-editorial-rewrite,False,False
S165,S165-single-b,37,34,893b1cc3e05293e55f5dcc6624e53b948946c7312d82ae66f5040c37af3c9864,ffc655171b2950ff891205b48b733964f913d7dd4cbce80dc4f9a9cfb1d7e50b,"An impossible change is celebrated for removing a mundane limit, with new problems creating more opportunities.",internal-editorial-rewrite,False,False
S166,S166-single-a,38,31,5ecd34b3d604b120edf570192a2a271cd4213e860b65aa44bf1ab8fa03226b6e,005f34dfe3615d04177fdbe3fba1ce5614356a1d287071963c7a9dbbc264dbc8,A accepts a specific impossible creature immediately and follows its maintenance needs through increasingly practical questions.,internal-editorial-rewrite,False,False
S166,S166-single-b,36,31,b98b70d0ec0ca60987fb146202ccd6fe3b6014b3a3378da00cfad12423ec4b01,76a5ff02b5d87ed864a29d4bb7bb9c74469f4cc9026469ad9393a04d28e9f756,A accepts a specific impossible creature immediately and follows its maintenance needs through increasingly practical questions.,internal-editorial-rewrite,False,False
S167,S167-single-a,41,34,c1a159f61ae851d704781659b112664187ca374b4ece4fa08e16146c75a9b75b,32e25f6ecf7b12da6a295365978ce571333b560c0a08a637574e35fa47b0becb,One arbitrary small feature is treated as the control point for the entire impossible event.,internal-editorial-rewrite,False,False
S167,S167-single-b,44,40,7039e66abd94b0b8912ff1da7a940bfc622343a54e14fd07056d3dc06e98c753,7a77ab15088f927ef6301ff0d678fe21eef2b85baa64eccce92f3985f1b6d566,One arbitrary small feature is treated as the control point for the entire impossible event.,internal-editorial-rewrite,False,False
S168,S168-single-a,39,33,22d2aac6d08433af95d8d93348dee10d36c7edfcb907d58520e0f9ec55a3115c,536aa6a0baa82a4a04ac0076b66a9459ae6f67a073599d9c34694d0707700f50,Repeated sounds or shapes create one grand message linking otherwise unrelated events.,internal-editorial-rewrite,False,False
S168,S168-single-b,38,33,95513676eae479e9cd6ff63f798aedec11bdf7432aaf7d598ab3f6adedeae4af,4cc3ba313b60ea622a7f435bf351acdd52f0a2fc25354a8fa6cdd50aa9bfbff8,Repeated sounds or shapes create one grand message linking otherwise unrelated events.,internal-editorial-rewrite,False,False
S169,S169-single-a,35,40,201b4cce252514b819b8e860e95d257f73e294685ccb989e574f4f85778d4c1d,17182ad77738882441c435cfc73343c88aafa7b02cf8ce911f8bd56a1c50bac2,A protects an order of business while B supplies an urgent exception; the last turn incorporates the emergency into the order rather than changing subjects.,internal-editorial-rewrite,False,False
S169,S169-single-b,30,38,4fd667cbb5e1af7dd3d096d12a74989738cd9b670e4749db43d6e1245b1d023b,ce9a54e412e27d1c75e679f8123a4d77799f7f2fe5017dd623555d84fec5cc81,A protects an order of business while B supplies an urgent exception; the last turn incorporates the emergency into the order rather than changing subjects.,internal-editorial-rewrite,False,False
S170,S170-single-a,36,37,e9cb769c6ca122be024206362f562e11849e09daa344cd143ed557a11335aade,dc125be318d628101d29ffa0907ec077514acd4549e771b60cd4995d72ae84e9,Formalities become stricter specifically when B exposes A's unsupported appointment; both variants keep the same authority test alive.,internal-editorial-rewrite,False,False
S170,S170-single-b,37,38,9c8a2dfd6413ae5b18eb49a3b52a77cd5a346dfbb1d01d291d3a4a0483c27d01,6f599c69543301dc45847b260f8fdcf469831c1a62a5d9ff2c92f63c35dbeffe,Formalities become stricter specifically when B exposes A's unsupported appointment; both variants keep the same authority test alive.,internal-editorial-rewrite,False,False
S171,S171-single-a,37,34,408e2ea658b2321322a315d7667135384da7a973fa362bf7c3bb930866e9a704,7c732fb33f56b3f1fdb8295f7a7325a65faccb43aa40a6081d76993e61586ac3,A notices exact technical compliance before functional success; the consequence grows out of B's practical objection.,internal-editorial-rewrite,False,False
S171,S171-single-b,41,42,535c182e79bab0b3f4615dd093c1551e95840d4c4ba69a2b3be877c251c19fb7,86641410adc6050375d8eb4287db88ad78d5c8c73ead31d4c8cc66afd90faf5a,A notices exact technical compliance before functional success; the consequence grows out of B's practical objection.,internal-editorial-rewrite,False,False
S172,S172-single-a,41,39,849f73bbc6a14712c8d5dd2af615af76e07ce901e9652892382f09387ed09b18,e7b539ebcffb15cdbca8fcfe0fab04d6eb8e01018051d2007e08112dfead0256,A makes an unwritten custom legible and thereby establishes a useful place in the group; B's literal solutions trigger more translation.,internal-editorial-rewrite,False,False
S172,S172-single-b,42,45,e49664c7c3227202450afc755e287ad93f0d2018b19d34c022b961f4fb5a2003,9a9d6cdcc9fd362ff1089da3c6114decf02c4b7b44305c56dcc10b64f1d14f64,A makes an unwritten custom legible and thereby establishes a useful place in the group; B's literal solutions trigger more translation.,internal-editorial-rewrite,False,False
S173,S173-single-a,41,41,c63836509b34ab52586a5b37a94462434253c5045e72b1e2ceb7773c9f63908b,8f7417c5dde4eefd25268cc486d6f37daee6443751a5019903a2998dc9fccf0b,"A teaches a hard-earned shortcut, but claims seniority through having suffered the original failure, not merely holding rank.",internal-editorial-rewrite,False,False
S173,S173-single-b,43,37,dac1e2382e800406492833c70d89ff02475dbb5df900e9bfa50958d26a6ff114,41afdf76c47873b3945725e8872099a75abe9343c4882ca8203285913f349831,"A teaches a hard-earned shortcut, but claims seniority through having suffered the original failure, not merely holding rank.",internal-editorial-rewrite,False,False
S174,S174-single-a,40,37,03b41ffa4e2e3d10bd1708138d51ec53d23ecd52ec8cc2a3a9bfb8fa6998feaa,12db19d1094e16169db61f776960451c840717f5916fcd294d006f2013b70207,A remains pleasant while retaining one indispensable authorisation; each purported solution returns to that exact bottleneck.,internal-editorial-rewrite,False,False
S174,S174-single-b,34,39,285ce1e4ab9dc00184dbff5e26d5a5b7140fb05a6b6e8daf7214e259c689f98d,daeed7a254fcbe184f4e9ffee02690ff3ef44e9104b0e5c00dec23132b83aac2,A remains pleasant while retaining one indispensable authorisation; each purported solution returns to that exact bottleneck.,internal-editorial-rewrite,False,False
S175,S175-single-a,42,41,b6862675ad2c9f1b60e0e7d0dbb7a27377cb05a4587dac72ce471cab3f5b82a1,0ec357fb8abdf157daebcb4f94ca329ee0d66e551d41db8d04deb2a3db2adf1d,A uses a shared old custom as proof of connection; B's changed circumstances do not erase its personal importance.,internal-editorial-rewrite,False,False
S175,S175-single-b,44,42,e1b01364c1b3c94d74ec4b647c36ed5e81e14d5cc652d28debd7d584117e7387,c2d4d8bdce06717571b4fa09b05a009d033c743bac5faff3166c72417c335af0,A uses a shared old custom as proof of connection; B's changed circumstances do not erase its personal importance.,internal-editorial-rewrite,False,False
S176,S176-single-a,39,42,cc3ae1b7c5d5ecd03d2c372fbbb19a040d6fecc54d4feb36300ef908b370ea13,cb35339b8ebe0351d47688d8a1607c9fba06147f63e0ce9e878d5f09d56fdb27,A converts a past procedural exception into a specific present obligation; B challenges the scale and A expands the debt.,internal-editorial-rewrite,False,False
S176,S176-single-b,36,36,cd1241a1ae1d0e4425a42b763d8954c5ac3a46160e6565d5a8ba6a1d73207011,d2007317d2224639b5801581a8fa7265205dca1b204638fbd51635bcc80d6b50,A converts a past procedural exception into a specific present obligation; B challenges the scale and A expands the debt.,internal-editorial-rewrite,False,False
S177,S177-single-a,33,40,a5550355047ed7d0871828a38fbf6a257787ce84f2c514839776d825d33fc8ce,3a5b5f959c9c536e36cc8cc4b666026f165456c770ecbe3d6b23016cf59e2ebe,A automatically interprets the institution and smooths its process; B's simple questions reveal the escalating work of translation.,internal-editorial-rewrite,False,False
S177,S177-single-b,39,37,5b7c625ad56d2d9ae8f51e97f8478229af780a62ada1d0513da9134401f59049,0f1114c900287b01fcdef2b7d6302c8960267b452ea66306cc6d341e3321a860,A automatically interprets the institution and smooths its process; B's simple questions reveal the escalating work of translation.,internal-editorial-rewrite,False,False
S178,S178-single-a,40,32,de93eba950790acd7c1072eae2d8ad222768e3352d89977679808d0349413412,114b42d545ea649014dd6868ebb9184b610806aa46d8369f867d449cc8e15f4b,A competes through procedural fluency and shortcuts; B's improvement forces a more elaborate demonstration of expertise.,internal-editorial-rewrite,False,False
S178,S178-single-b,35,39,b37e66ff3df1b10884685cb41ef8fe5c8d97fa4afd067cc769cfe5b2fb84cece,cbc3f3a4a80a23594772e7fc4ce5ca0ea37e67e3ae20fe3ef7e253bf207fba13,A competes through procedural fluency and shortcuts; B's improvement forces a more elaborate demonstration of expertise.,internal-editorial-rewrite,False,False
S179,S179-single-a,41,42,a42c17632dd1a0360abf54ac4b2e3a777c63ce17a86d0f22c4f5b09c90b0a1d2,fc944e3f1abe39c55573abbd1caa40de78295252d37671105ccc3988e4474d49,A needs an insider's sponsorship while resisting being defined as their protege; B responds directly to that contradiction.,internal-editorial-rewrite,False,False
S179,S179-single-b,44,37,7456a460b24817541fd41d403e1fb7193d9354867bdb0e498c1be9ca51e71e68,d7bd1c3ecc39c19ec15d68e5daf2d405f99cc86fabc0e4e49546cd03cbaff806,A needs an insider's sponsorship while resisting being defined as their protege; B responds directly to that contradiction.,internal-editorial-rewrite,False,False
S180,S180-single-a,44,39,85541bb79174dee1152391ff4037526595805cacafbab79f1bd15610905c5c83,fcc9f089b4a6437baa4e42d3120c132bf02660396e4a20c8765807f8cb23dbe4,A hears a new exception through a specific unresolved past breach; B's present reasoning gives A a new way to reopen the old hurt.,internal-editorial-rewrite,False,False
S180,S180-single-b,42,39,4638a67c76cf618f99399648c1e3ceb0e9fa5d2017936f04bf8dbb6325b3776c,15ba34bdec4a5e8b3edf1578908bfcf92ffceefe2d8c972ee0d4629fdb13ddb7,A hears a new exception through a specific unresolved past breach; B's present reasoning gives A a new way to reopen the old hurt.,internal-editorial-rewrite,False,False
S181,S181-single-a,41,36,5e513c1a6864f9bc571a50f5137e8ff557fc0115957596e14704ccbd5b59dc1e,bb58e0a6f71900803a04cd036c256adad9bb9b7879656a157092fd5848515cc5,Envy of effortless belonging makes A overlearn rules instead of accepting help; B's easy explanation provokes a competitive claim of independence.,internal-editorial-rewrite,False,False
S181,S181-single-b,41,42,580b29c25c5c4b94c785a596e1b33e2f05143420e95e3caa7441c50343b634b3,e3cb5c55ed6d945fb7b03e0ec3e18f21d7f7a2103564b406ee924798711b6087,Envy of effortless belonging makes A overlearn rules instead of accepting help; B's easy explanation provokes a competitive claim of independence.,internal-editorial-rewrite,False,False
S182,S182-single-a,41,39,0feae54f9b3c6913cc36458ad08ae8459901e6d60a998716ce0591b04a1f5b13,814d476b8da3485de3c7553e0295022c8dab3907ddb190153b57239204446771,A repeats an institution's old reassurance while evidence erodes confidence; A's final qualification exposes the loss of faith without abandoning the language.,internal-editorial-rewrite,False,False
S182,S182-single-b,43,39,f6468b342483e6c2d9959975205400cf3124f56106403c0ef41caa735d4002c9,8ae2e7ed9cfd5bf068f314c4617253bc8b4ec70c3767b11770ad8a99edbc05c5,A repeats an institution's old reassurance while evidence erodes confidence; A's final qualification exposes the loss of faith without abandoning the language.,internal-editorial-rewrite,False,False
S183,S183-single-a,43,38,55e6afda243218a762c4f0135cf6957f10b71fdd25cf2ea341db76ec75b6a423,5283e85dbf2782df011c8661a5036a0e5dfd28a807481e1c7b7668efe18ba0b0,Ambiguity makes A seek another layer of permission rather than inventing arbitrary obstacles; B's reassurance increases the perceived test.,internal-editorial-rewrite,False,False
S183,S183-single-b,41,27,37c422851d8fa93b0c2c8b27649f531240b6a9d200239dca11106e602cf2cdae,ae24a1697f7a6768e3dd5a5b45193df53c3bd962d3255d28035863a58fcf8106,Ambiguity makes A seek another layer of permission rather than inventing arbitrary obstacles; B's reassurance increases the perceived test.,internal-editorial-rewrite,False,False
S184,S184-single-a,33,40,07f0f15d4c56d77b518ccab92c0a0e49a7495dda31a97860d796e16ff616877a,8f655f569d50fafd7f9ca9a8232f3c43b7f9f5a448c295ad6775564fde173f32,A translates care into a procedure that narrows choice; B's low-risk proposal triggers a still more careful safeguard.,internal-editorial-rewrite,False,False
S184,S184-single-b,37,34,793f15f0e70aff0ccdddb875559b6b94ed560040426765c9da0c365e1017853d,6d99acf5a1e7e1e9f07918cded141bd37c64c29c27c7280aa401f0fb045f7d79,A translates care into a procedure that narrows choice; B's low-risk proposal triggers a still more careful safeguard.,internal-editorial-rewrite,False,False
S185,S185-single-a,37,45,cf7f7cd48ff7db6dbfcbfcdb4cca92c5dd9f8e8ec183e32cac969ceeef798161,bc223ea93bd486754b2bbb8efa9d424a36d4777a22e5dace8bf57eda0db5d5f8,A seeks belonging by performing the ritual too diligently; B's corrections create successive opportunities to overcommit.,internal-editorial-rewrite,False,False
S185,S185-single-b,37,34,47f84d0bd0746a2b0a67097e1cb618f115b438002bea4acbf3140b3137fd6215,d450759baa619c6b31c35dcddcc6c5bb7154a18309d8dad2ec1c02263cc1fc7a,A seeks belonging by performing the ritual too diligently; B's corrections create successive opportunities to overcommit.,internal-editorial-rewrite,False,False
S186,S186-single-a,36,38,59694301cfae8ce1fe091d2b20298b6cd1b8c302dd2d1eb5f8f180b1320c85a6,00a85aff634f5862835745b4939d9f10b4d1037e13e69d0c424420faf903b1e4,A fishes for recognition through obscure corrections; B's practical gratitude is repeatedly redirected to the process expertise.,internal-editorial-rewrite,False,False
S186,S186-single-b,42,33,faa58f0684d01c17bc99e612a0e6fc37a304b13a893c926c8df6926704d46ffc,a40a3ec909d8717120dc222bf234c37f6d2a385322686f6c06f206cc592b5571,A fishes for recognition through obscure corrections; B's practical gratitude is repeatedly redirected to the process expertise.,internal-editorial-rewrite,False,False
S187,S187-single-a,41,40,48eccfe9cfd72a4a918820518ee8b10fbc2cb63232e7d75744475a8199538bd5,252722d893934e24b04160a48b8f8b2d3bd90d3dc72ddbabc0531a634705a7d9,A defends a inherited step because repetition itself supplies meaning; B's questions deepen rather than explain away the custom.,internal-editorial-rewrite,False,False
S187,S187-single-b,40,30,fe5b2390e378d01352bc823e0da9713ceaff81fc38660aedd6e3f5766e04a788,7da5c9027830eabbcf86ae365744ea4dc05b3c0a07d9f79ff19730c98b048157,A defends a inherited step because repetition itself supplies meaning; B's questions deepen rather than explain away the custom.,internal-editorial-rewrite,False,False
S188,S188-single-a,34,33,d24ac09ef3fcd33c2082fa2b2449fe0b093836fd16da42e441e00dd3f35e7816,81ddc53a0949fb935d1e8f190260a58abc200a08c3befa476f7213ad198042e2,A treats an actual minor omission as systemic risk; every proposed repair adds oversight to the same missing step.,internal-editorial-rewrite,False,False
S188,S188-single-b,35,41,e854c0f1b28820b567a0b1a720af23f0ab6caf14624e8dc020d04680a5d41231,512592fc85be03250fd7350a6dc2e6ef928863e68e4c0e76a3d3e22c737a4f11,A treats an actual minor omission as systemic risk; every proposed repair adds oversight to the same missing step.,internal-editorial-rewrite,False,False
S189,S189-single-a,38,34,c22ee6e0a35192ee7511af5730441053ac811313661fd543e0e3c0cb882b62e1,eec62f1091da9ed878cbb559f994f38aad6ec09b6640e9c18ba246da08c8bed4,A sincerely celebrates delay as protection; B's escalating inconvenience becomes increasingly reassuring evidence of system success.,internal-editorial-rewrite,False,False
S189,S189-single-b,39,40,615e8877fd04f46fc4ef5c420cabb45c61a4f0f522ef6b2cde3e321317887f35,288c23b9d595ccdaf30ec296c2feeebc3f18b92df3ab2e39940b2bf77241aa6b,A sincerely celebrates delay as protection; B's escalating inconvenience becomes increasingly reassuring evidence of system success.,internal-editorial-rewrite,False,False
S190,S190-single-a,41,38,aa4a1caa8256af90072b1a9e74248afdda95e9f2fd48686902e3e777c2a32086,eb05a588b7ac8470fd0828058a437ac94bd6ca2efaf5350fb9bf5ed9141f186d,A accepts the strange institution and asks about consequences; B elaborates the premise and A follows its practical implications.,internal-editorial-rewrite,False,False
S190,S190-single-b,38,36,229c44c5ebbe6d50862ad2491ba2ea6eb3460c772140afddcd5853ec46682c67,70c87ae244550a47f7e3cc1337f4915405e35b64a25eb6e5b00745c49d3fd157,A accepts the strange institution and asks about consequences; B elaborates the premise and A follows its practical implications.,internal-editorial-rewrite,False,False
S191,S191-single-a,36,33,c6e6f8410b76766b96de696c2ae47f6ec3e978dadeef5c6f56a51cc1cac41c46,581bc27e51743920d701b2d42cc9fe98915ba0e330bb48f00782b39aa5a6bdb8,One tiny detail becomes the sole source of legitimacy; B's large practical consequences remain secondary to correcting that detail.,internal-editorial-rewrite,False,False
S191,S191-single-b,45,36,c5406c705d120412ec2a6fd228873005d5f045f77476c34ab79562caf31ea031,a16fbf028c86156fca660011290cf55c956c5819b31ec718b6e0fa79e6cbf1c9,One tiny detail becomes the sole source of legitimacy; B's large practical consequences remain secondary to correcting that detail.,internal-editorial-rewrite,False,False
S192,S192-single-a,39,43,b33e8b2876fa42e80b93431408b804496b1cf1a65e0d55b96778e56916d0b51f,058d1ebedf34a070871d50a821d0c6ff89000a0bc22e485e5b1a6b01754ec3b6,A infers a wider doctrine from an ordinary personal choice; B's literal correction is incorporated as a policy exception.,internal-editorial-rewrite,False,False
S192,S192-single-b,44,33,75288cb30dc5f89159e2bfc1513b8e13a931cb2be251a82c5bfbec8299eb4b7e,464fb6b1bc6225c835025944f6910ac819ffa7899542c63e6dbc08db9a8ad3c1,A infers a wider doctrine from an ordinary personal choice; B's literal correction is incorporated as a policy exception.,internal-editorial-rewrite,False,False
S193,S193-single-a,40,33,b52bc8b31929cff208627ed549e369808ae9031a59010a65cd336f9a55fcd853,ec5554903251639c749aa708da47c26899401b0b4e1a2e02a21cc43c80e27cba,A treats one win as authority to define the next round and fairness; B's objection becomes evidence of the winner's entitlement.,internal-editorial-rewrite,False,False
S193,S193-single-b,36,39,541a7b5e0f47df42bb0eaf830cb960e8f853fff00506aedf7ff0984c3fe9d4a1,86c9c543785f90713428ef82aa1a29de620af994bdd4b7065e6ce5716304d610,A treats one win as authority to define the next round and fairness; B's objection becomes evidence of the winner's entitlement.,internal-editorial-rewrite,False,False
S194,S194-single-a,39,38,c233c1291232dd309f1bee4d6d5e2fdef1ccbea5b9c913beb05db3a8185c98e4,7ace755fc6736743fa5062db6c4d5c5d919006bf832847bdd1bacf832c11343d,A's apparent confidence responds to each setback by making the next result existential; B's reassurance does not settle the fear.,internal-editorial-rewrite,False,False
S194,S194-single-b,43,41,78235a495d16c8a2baa1339bc53eb7d7f846f95ea53dee92da35ca7a5da751e5,e1c43a7ede3169e19c33783ab96e8dd6287564adf40b63e5eb0e84661a7f4f83,A's apparent confidence responds to each setback by making the next result existential; B's reassurance does not settle the fear.,internal-editorial-rewrite,False,False
S195,S195-single-a,34,40,69a9180c6b48be7678bff872b07733b1ed3ad6aaa415d1fe3154b88087e77f6c,c1c32619d0984537b76388c0578d5119ae7eddb4cc2041688bc4652dd3cd998d,A corrects the measurement before recognising success; B's enthusiasm meets a specific technical distinction rather than a generic status claim.,internal-editorial-rewrite,False,False
S195,S195-single-b,32,38,689c07360bf7f23e566ba4f0ada6ce9652c486356487b3a20589cf0c3af6ad36,121ca912d1122b130a45b38b8556eaedf8841503b7d46c4dffb57cc1da601697,A corrects the measurement before recognising success; B's enthusiasm meets a specific technical distinction rather than a generic status claim.,internal-editorial-rewrite,False,False
S196,S196-single-a,41,43,b71997a730488bf1a73e8a24585ba11d3b7b6439dfb4debab456ed85609f7d6d,780cab4481a7b98c1caa5718a6e1ccd3d51aec41c9825c6916cfba29a82ed07d,A makes competence the proof of a right to enter; B's invitation requirement prompts a still more useful demonstration.,internal-editorial-rewrite,False,False
S196,S196-single-b,40,43,822e567e6af9e0d624551565eb02aaf78e28ea42afd9d3af81f6ced815644214,0bfec3bf1d3d6967d91864de988df57ebaf9891194e5b681aac0ea051dfcb36b,A makes competence the proof of a right to enter; B's invitation requirement prompts a still more useful demonstration.,internal-editorial-rewrite,False,False
S197,S197-single-a,34,36,98ab077173b69f0e550a3f9fdd932efb6ca4821bd22b71d025eda411af1d8b25,b41015d45612c9b28f4a2be5ad498cd5853ec9a27a81337058e9f3b3daedb07b,A claims authorship of B's success through coaching foundations; B's independent innovation broadens A's claim rather than changing the contest.,internal-editorial-rewrite,False,False
S197,S197-single-b,44,32,dec50381a54ac010ae1c9756967e7bd01d1e5570fea548d8b23af18cc4a17cdd,eea6816e1b288f13be23115c01c16f8cb2993312ffafb26686f78644e9d9e816,A claims authorship of B's success through coaching foundations; B's independent innovation broadens A's claim rather than changing the contest.,internal-editorial-rewrite,False,False
S198,S198-single-a,40,40,178aa18cc66be01de334b56d50df808c476d30c5e9f981163cb1532af43adede,807d4de72f35daf5e6c691e8c79d664c41d6aa8e1156c1dad174a048e7dac027,A controls an understated reward condition rather than the contest itself; B's declared victory still cannot settle what is collected.,internal-editorial-rewrite,False,False
S198,S198-single-b,39,34,b808b620ef821a127a29fcbfaa58641336001f63d8496245c0dd8decd4718e46,a91e19db5911a263adc0ce9d863705878a17713e6b166c8198cacc62b912b7cd,A controls an understated reward condition rather than the contest itself; B's declared victory still cannot settle what is collected.,internal-editorial-rewrite,False,False
S199,S199-single-a,38,40,3f87545cd0b9b89bfcee4dbcd5728c6752b9c1162b02bc42a1c92d55af983c26,fb0c1e7f85e092da7e52302f95e72b642e08c7ca776d04f9ffae128863206221,A reads old teamwork as enduring mutual understanding; current competition becomes another chance to invoke the shared signal.,internal-editorial-rewrite,False,False
S199,S199-single-b,41,41,c12f5f7c5655d31cebde7552d078696e3aada955dadf809cc1d81df1dbb3de7a,258baa86d5df740be0a3aa03967b5d115bfcf4e6c030046ab57ac0b406b19ada,A reads old teamwork as enduring mutual understanding; current competition becomes another chance to invoke the shared signal.,internal-editorial-rewrite,False,False
S200,S200-single-a,41,42,0b3637c6be36962af548d5b74511011b29375e773a984cda8fca9caac82eee75,8f5d6a83604162024c8e7f17d92d80036dc5cb97429daed08cf82c69dce80e94,A expects a present advantage in repayment for a past sacrificed chance; B disputes the debt and A specifies its retained value.,internal-editorial-rewrite,False,False
S200,S200-single-b,41,45,72ccc4ab462379610fb24e3fe2dbc8b79d16d605d215f9e195112a77b47bc9d9,a78e993cd492c1342918b3ec96a749faa152dfa03fa9f3564f641eeb241ec4fe,A expects a present advantage in repayment for a past sacrificed chance; B disputes the debt and A specifies its retained value.,internal-editorial-rewrite,False,False
S201,S201-single-a,42,44,d4e12b72493a84bbcd1fb91ee8f1da9c736e862a4cb0e188db948533cfe5972f,5de657407c0ffeb60338b9682b7935b835c5340ed654aa9c412976afa8365690,A habitually clears obstacles and makes the cost audible; B's request to stop reveals how entrenched the role is.,internal-editorial-rewrite,False,False
S201,S201-single-b,43,44,e590baadfb178ef0e08410cb5472f3273670a67a0c9aa09261d5ce97dbe46cfc,d1537809091272ae430deae4f653088a424bd5c9f03bc22d95fbd2c0a6c99666,A habitually clears obstacles and makes the cost audible; B's request to stop reveals how entrenched the role is.,internal-editorial-rewrite,False,False
S202,S202-single-a,40,47,6aaf67242292a6b42bd24e26f9ce938f1a401aa84889ae33bb32935ccd736fcb,7df9b97cc0a45a515068080ac944fcc027ac0a43241ff62456f44b6ea91cd816,"A converts a score into a social balance; new outcomes alter whose turn or favour is owed, keeping the debt system consistent.",internal-editorial-rewrite,False,False
S202,S202-single-b,37,37,722ccfdca06581dad43f3593492ff8d1397853f0c44b32a7bfa67c72e3ce0c94,8f501d6c1c9e0bba1696471669dea5d2e7d5b9a698ee96f6ed53a4f2521d4bbf,"A converts a score into a social balance; new outcomes alter whose turn or favour is owed, keeping the debt system consistent.",internal-editorial-rewrite,False,False
S203,S203-single-a,42,38,c5e394733330d47ba6452fb64ef8555194c295f5845e7045cdcd796ba5ec1816,2c526eecf38a4364fdf78f658beb68260388d3c2239b66cd680aa2758a09cbf4,A makes the rivalry itself more valuable than the result; the next challenge is a means of retaining that connection.,internal-editorial-rewrite,False,False
S203,S203-single-b,46,37,f449dff33d29f533f413f259bdabc40445c4a0f1bc7c92ffd73cfb67be1da3db,1e0e890f14d3d52bc5e948294e7b7929cd57e86e493c82859b6cb13f72f88477,A makes the rivalry itself more valuable than the result; the next challenge is a means of retaining that connection.,internal-editorial-rewrite,False,False
S204,S204-single-a,39,43,1e2e88ae99038ae2f949eb817c2dd4dd7894b3703f3aee2cb032465ea359841a,5ce7e9edbd8e12c69b2500072058020b7deb1beae3cb5d6f71cb0d3a585e61e7,A treats a current choice as the unresolved old contest; B's attempt to reset gives A a precise reason the past is still active.,internal-editorial-rewrite,False,False
S204,S204-single-b,41,42,92fb8e4553789723f71c3a8e2258bebf9d4d66cd8bc2bcd98ac2d9b4329a450f,31e6d47827a6901a5b6efb29cc768a921795298dccf12e6d6027cbd73746c15a,A treats a current choice as the unresolved old contest; B's attempt to reset gives A a precise reason the past is still active.,internal-editorial-rewrite,False,False
S205,S205-single-a,43,40,40dfd7d4c99b22814ac6d0060160e1998fe01d8d8a0600dd0ca06bc84fe2ae1d,948a0a90ca2b234c181ae1e271da51d61c8f08dc27cdb23d06b5949092b73882,A envies success's effortless appearance and tries to outperform even the ease; B's observation forces a more strenuous performance of relaxation.,internal-editorial-rewrite,False,False
S205,S205-single-b,41,41,51b209435b4a4c2ea83db1fbae7e320c962edc051cdaa9d2e071205cefb142c7,34318309d9f18753e25eb6898008671827e8356645a1cea9d85b546bbd3bd326,A envies success's effortless appearance and tries to outperform even the ease; B's observation forces a more strenuous performance of relaxation.,internal-editorial-rewrite,False,False
S206,S206-single-a,37,41,e42d6d52fe0fe4a8d6cdc2e5b4a0bfe72c59962cf68a895a0344cb7a24ce49f9,24fc19b6dcdae11fb8b38cd932f396b54c3cf3d5096b744fa77963634ec5b6f3,A uses the conditions of an old successful period as the true measure of today; B's changed circumstances provoke selective restoration.,internal-editorial-rewrite,False,False
S206,S206-single-b,43,37,c707fd9e2b21d51a3496dd8e33bdbe429e89c9584757e225b98fbd93d1d7d20a,065184bad60a2fa7022dbda78514541f517207d63f584f1a3a9e43de502067c7,A uses the conditions of an old successful period as the true measure of today; B's changed circumstances provoke selective restoration.,internal-editorial-rewrite,False,False
S207,S207-single-a,42,40,87ecf2e60cecbab3b63bce0a924859d212b0405ed0f847ccd6ed86c11e325200,d9b3046254a040601f85ec3ce21f9a055bf12307ab65e495807d8024b250a999,A experiences ranking as loss of personal visibility; B's consolation is tested through concrete acts of recognition.,internal-editorial-rewrite,False,False
S207,S207-single-b,37,42,1c48ab2e8b36209dd5e78cf5f3eb8fa4e57fe58e96ce798d509cf36fc3851bc6,6b8f1c22df8931cbecbda79335392cf5c0faf84532aa22fd274f96b9d7eedcf7,A experiences ranking as loss of personal visibility; B's consolation is tested through concrete acts of recognition.,internal-editorial-rewrite,False,False
S208,S208-single-a,40,40,104fb96a58923044ed55ffa6e984c4d5454703f28403421390c568c9923d13eb,defad826806c0487d34531d6d6f0acf6c86440c9d4242212e1fd4fcc9270fc8b,A claims a voice because somebody else's risk imposes a cost; B's personal freedom is answered with a concrete bill or duty.,internal-editorial-rewrite,False,False
S208,S208-single-b,44,45,8c25b6976f24a205f1e9a53106d256b682119b15c5f7392d758681ea57156b14,f33fb3ac4b78ab36bef00d9de34a0455ed94caf52d391b5ebb265b133b9a311d,A claims a voice because somebody else's risk imposes a cost; B's personal freedom is answered with a concrete bill or duty.,internal-editorial-rewrite,False,False
S209,S209-single-a,45,44,6f48ff009d4ead17bc68cb90ae58205c4e797e87a091a8a2dbf2e1c95844858d,7820c0f7af3608218e82a37cb5a9e8fe5989d71c3dbcfd43c99aad5c1b1d6cd0,A keeps demonstrating usefulness to secure continued inclusion; B's unconditional welcome cannot stop A seeking the next concrete reason to stay.,internal-editorial-rewrite,False,False
S209,S209-single-b,42,42,084bd960aa59a929d10feb8ff8b21ff354b8d40fb73d6c084aa7777c6c803b58,bfa322ea08fe8c33b69f5f31fd5e9c8e59b87aa316fe4ace604b9f46c8a06b32,A keeps demonstrating usefulness to secure continued inclusion; B's unconditional welcome cannot stop A seeking the next concrete reason to stay.,internal-editorial-rewrite,False,False
S210,S210-single-a,40,48,bbd7a40904309f2991c896e162444031fcc76f8ed5701bbc8eecb2a6e4366ce4,b97a42ae32ea98f6d4143a96b10cd0af353e6dfee8259232c72cb301123dd617,A insists recognition include the cost of winning; B's short congratulations are expanded with specific sacrifice.,internal-editorial-rewrite,False,False
S210,S210-single-b,37,42,b26ea12d19212b1a814f1b1811018e0897a5764656dd84cf47af4f3f79619acc,2a02e7c897696ccf2a362e0a63e6053f39224deeb6ce09b2fb6b3398c3cf2dd3,A insists recognition include the cost of winning; B's short congratulations are expanded with specific sacrifice.,internal-editorial-rewrite,False,False
S211,S211-single-a,38,37,5eeaa034cfcfad386f8fdb60869bd94767f80dc71ad1aae49ff752181f1be036,c9e5cbd677f581aaaed288aecdff11cdf0dcea909ca130848a94ccf11e7b969d,"A requires proper recognition to finish even a trivial result; B's haste produces a smaller ceremony, not permission to skip it.",internal-editorial-rewrite,False,False
S211,S211-single-b,39,39,24c3e84f8c6655dd8b4dfa58ed8cc061e2acf87121f927f3853bacb484172d38,cb3a43d8fd9c95bac599cc0b622fd395d40fd739e3aeafa473420b90908deff2,"A requires proper recognition to finish even a trivial result; B's haste produces a smaller ceremony, not permission to skip it.",internal-editorial-rewrite,False,False
S212,S212-single-a,39,36,79766f5bb2249ee4c5e06311dcb4dd52f7258fc3a23a80a7130251ec76145d27,6d8b9ae3c01e32776155495ecf50114d1e2eb60e7b10ea966f759fd1edf39649,A treats a reversible small choice as elimination; B's mundane alternative gets framed as an irreversible cost.,internal-editorial-rewrite,False,False
S212,S212-single-b,40,41,5612fa17cb4c5e3cbfcae239dc4f3694eff918c63b9d75e02363c4250278b75f,31cd33f9a10bfd9beddffb68ce7a22e19e2ece8807ab25864c50a37129ef22da,A treats a reversible small choice as elimination; B's mundane alternative gets framed as an irreversible cost.,internal-editorial-rewrite,False,False
S213,S213-single-a,39,42,a214d11698c4ef7ed8b8acda8f624cf706ad79a6e1d5fadf4fedc7ddae6b9d0d,a4c48c71bd84a6990e61580df89fe2d86370d7cfe70b0d46b006eb2c1d81e990,A treats each loss as an exciting upgrade to the challenge; B's sensible reduction increases A's delight in comeback stakes.,internal-editorial-rewrite,False,False
S213,S213-single-b,40,36,9123bf4025c3db04e204e20f55052eb6c071d6753538dc19a392e845fef27441,92a6446d0fbeb324836116b4ba8ae61854a03ff62ae78d5b7eb3c02538fc5c49,A treats each loss as an exciting upgrade to the challenge; B's sensible reduction increases A's delight in comeback stakes.,internal-editorial-rewrite,False,False
S214,S214-single-a,39,41,adc5c2368ecf7e5ad91bf19ac62f9e15bbcec51910c62045d8e565c458e83380,25ace5a52d55a3978d67bd6d1407f68c3661b0e806533e5942f938ee29a29eac,A accepts winning and follows its material consequences; B's symbolic rewards are tested against real duties and bills.,internal-editorial-rewrite,False,False
S214,S214-single-b,34,33,a72098a34a62c23e8d0311a3f469b1117bd1aabaf54e92d85411a9cda8d71953,72b53012716986ad35ba66840a23106ec01b5ef4d7b66c9bae2d85db43889675,A accepts winning and follows its material consequences; B's symbolic rewards are tested against real duties and bills.,internal-editorial-rewrite,False,False
S215,S215-single-a,42,38,7edb5ec53035bfcd727f44cbc1e99c76949f0772a9e82d4093e1c14c5b6940bd,5d7f63848fb572d0a6c600f05801578c2fc16716f974442309323c6d5a619e3d,A makes one tiny disputed advantage decisive despite a much larger result; B's arithmetic only makes the fixation more precise.,internal-editorial-rewrite,False,False
S215,S215-single-b,36,29,7f47d379af98c37c070464655254d7807ba3035856d94c277594c68d15c93ae8,6e050b405a989ba6a8e51714623fe675381c9de283bf753552e70a6820413a46,A makes one tiny disputed advantage decisive despite a much larger result; B's arithmetic only makes the fixation more precise.,internal-editorial-rewrite,False,False
S216,S216-single-a,38,40,fd70553918eb90fd6851e84834956da07962a9c5f8da2aa3ac8383da51e6a11f,40f37707e91dee13bff58c0f08cf1fbcd3a385aa5d4e96220a8dd85f61b526aa,A interprets ordinary choices as moves in a larger contest; B's innocent explanations generate a new strategic reading rather than random props.,internal-editorial-rewrite,False,False
S216,S216-single-b,40,41,c9c1b443eb7995a29b18b5ea7dc25fbf9e798cb763e391efa5e34869cbdc77d2,1a322161db39760383f8e815caecead32334b83a625aee0770e0a16aad20ecf0,A interprets ordinary choices as moves in a larger contest; B's innocent explanations generate a new strategic reading rather than random props.,internal-editorial-rewrite,False,False
S217,S217-single-a,42,38,f6e8b520943fee3f59db3bb551e78bd39ebf7f29d08ee2014dacbd7e7cabc4ae,55761c722f7e3fcf089a638940c121f9cd664d9f2afc975186e465fd8a269606,A's decisive ruling contains a specific escape clause; when B relies on the ruling A reinterprets that same clause.,internal-editorial-rewrite,False,False
S217,S217-single-b,39,32,338ce01cfbfd88c974c7153b6ffcf2af840f19e8066e0a801bba4e7ea50e53cd,725b0d6c1499e812801db7c674774b4c16142c5ae039ccca188413d10ed8d974,A's decisive ruling contains a specific escape clause; when B relies on the ruling A reinterprets that same clause.,internal-editorial-rewrite,False,False
S218,S218-single-a,45,43,220bbee7bcdce4de0b8c5bf57d26201181a4a37ebce855120ae16d2216b7b84f,4f67821a20724086c9e7bca1fcb29b0e60e21942960b461457422a58af7ce6d8,One concrete credential repeatedly shifts actual deference; B's correction changes who A treats as entitled to decide.,internal-editorial-rewrite,False,False
S218,S218-single-b,39,38,7a99a6a213af16fbcf098698b7059c0b39d3a8bef7bd97113a8e87289c6df389,ef5f84292a048c434f2184308348049f98d6c495ac2639bb65329f2200db1d5e,One concrete credential repeatedly shifts actual deference; B's correction changes who A treats as entitled to decide.,internal-editorial-rewrite,False,False
S219,S219-single-a,40,41,fb021b8cf2cbd065218f52e02c11ab9605b031210526d65dfc013cfbc2f306b3,32b4cf1f781ebea9fee97db76ee640526ff9b86a41b1110dc8ceea9cb11c49f2,A performs expertise around one named blind spot; every return to it intensifies tactical delay while other expertise stays credible.,internal-editorial-rewrite,False,False
S219,S219-single-b,37,41,04093669ba45ed9bccef34c8e4a8084242a04f4918a8dc1cf7f5bf6da4ed8601,e41270aee1176dbea232e3acc75c84535bc3d0e8523e215e36ef73c41122ce4e,A performs expertise around one named blind spot; every return to it intensifies tactical delay while other expertise stays credible.,internal-editorial-rewrite,False,False
S220,S220-single-a,39,39,acc993239e15f4c5455eff791dd42ef940bef5403025fea1564157c93d874b7c,63bbb713cfa28e72cfde86d957e62e85a2df8377d73f50296948270d14c4d371,A's confident insider memory almost fits; each contradiction is blamed on changes to the group rather than ignorance.,internal-editorial-rewrite,False,False
S220,S220-single-b,42,39,3e86ab5fa86f61e76d7c4059444b82578161013d17d210c10339bcee14c026ac,e0bfcaff3269ff0abd2a6680aa65a6d504abd104fd3795cd2d6151eb94258a73,A's confident insider memory almost fits; each contradiction is blamed on changes to the group rather than ignorance.,internal-editorial-rewrite,False,False
S221,S221-single-a,35,37,7d4512ac3ccb2b5e6a56fd854ef76759287fb05f978f56de41974c8edf10cf1b,2e546cd4439bdd3634aee12547d26173a6b23a39acde93c89bc04e977719ec81,Each correction is reclassified as a deliberate teaching test; the final reversal credits A with having taught the correction of A.,internal-editorial-rewrite,False,False
S221,S221-single-b,36,44,aca28bb61dd5907826f46edfbdae8c23e5e52a148122c5254fcf5ccb33cb7d93,a1879cefffcced52dabd00c84d9d21ed0d2fd5a9e68238cc22e5b7be431336a3,Each correction is reclassified as a deliberate teaching test; the final reversal credits A with having taught the correction of A.,internal-editorial-rewrite,False,False
S222,S222-single-a,44,49,9de1c387ea0a3db42a156de3f2cda2f08b377b3f276a1ea1a0f57bbc76ae5bb4,c53e4779ffdc27d0766501415a30f30559ab58e5f024681a684769ce08cc9398,A delays naming a specific source of leverage while B commits to an explanation; its eventual reveal recontextualises that explanation.,internal-editorial-rewrite,False,False
S222,S222-single-b,38,45,e25ce7c3301b908ee9b7667e83f53c1868d5c8ed1a009c5bcbd01de5bfcd978b,a243fc508a47b0256d83577caff00adce9307b9d5cdb12f98640bede4b49fbd7,A delays naming a specific source of leverage while B commits to an explanation; its eventual reveal recontextualises that explanation.,internal-editorial-rewrite,False,False
S223,S223-single-a,45,47,202481fd92e89edcf461ea1a27838b9359f7a223dc7e67029a4ba95bfae2aa5e,e7533e756188806c29ab489836ec8d09eceb5415590296d3ca85a5f0108ccea8,A returns to the same factual memory with changing emotional meaning; B adds context that turns comfort into evidence and then grievance.,internal-editorial-rewrite,False,False
S223,S223-single-b,42,45,e9c9bee4201577f0d29a305e765c9b54194b8d534e9ebe6a09537c9766fefbe3,e70e813687bbb154e35eb1323b95267a46b24445616466d636f6e0b8e2c7df63,A returns to the same factual memory with changing emotional meaning; B adds context that turns comfort into evidence and then grievance.,internal-editorial-rewrite,False,False
S224,S224-single-a,44,44,39ea82a1b15e0958d9a0c660f4cbde9b59b260856532c279d8a79c7d2e087b9c,cf560b5005a159696060ff9ba0e2eed81e6594ff0a260f27b45f4a87d5f90e5d,A recalculates obligation after acceptance or refusal; the same favour reverses direction instead of introducing a new unrelated debt.,internal-editorial-rewrite,False,False
S224,S224-single-b,40,40,795a7302763c78e283036212ac03ab4bf21f0cb83705e17041952ba3243c7b8b,be9ea95b047c9fc0fe1ff8aba1bc68cd5100055f8e0e94a0a81a94a1ad2e8ba0,A recalculates obligation after acceptance or refusal; the same favour reverses direction instead of introducing a new unrelated debt.,internal-editorial-rewrite,False,False
S225,S225-single-a,46,43,143ed3686d06bd614ef377135cd9e015fe4e912be74c0614d5bbf6e97dee1e8f,6425a2459a049b2b4a2f63de7c2075d2d06662c1373398f73856a767de9d257b,A swaps the familiar fixer/worrier roles when the same pressure returns; B's changed response motivates the switch.,internal-editorial-rewrite,False,False
S225,S225-single-b,40,45,b95c85bbb8ea5e288246a7bcf3aaa61bc85cbf9d6662f6a2e2566be85d0de638,298ff6196c1905ae7975fb4a1411570daad2f4df3072058981d97da03ad27a60,A swaps the familiar fixer/worrier roles when the same pressure returns; B's changed response motivates the switch.,internal-editorial-rewrite,False,False
S226,S226-single-a,38,34,84df29deb9ee0a907a9af4f71deea7cc05d1760eb8984d52fdcf29396862d64a,73280b19e2154230e682cea5f72769022d84e9561591166445616e370498c277,A adopts the rival's successful trait and makes it the new contest; B notices imitation and A competes over the borrowed method.,internal-editorial-rewrite,False,False
S226,S226-single-b,38,39,743a6c8730adfb3136348a7e22cdb4b7ddc40957aa5a2228733f8873499d2dd3,2ccdc0133324d41fd8b1cc29ee191b1021738c5d644dfdcc1966a418ba1ba358,A adopts the rival's successful trait and makes it the new contest; B notices imitation and A competes over the borrowed method.,internal-editorial-rewrite,False,False
S227,S227-single-a,47,44,b616c7ad586b63012af75b8edcead08bd58d398b9b71a7dcff10ebe18dba976e,8077c2051f9555698494afcd15eb2e8c1dad93f95564f87a2dd58c37b7f88ac3,A trusts a person until a specific recurring cue changes the terms; B's reassurance brings that cue back and toggles reliance.,internal-editorial-rewrite,False,False
S227,S227-single-b,42,43,05bfcb5a6ef464c95652bab1f8636332d0653a1df3038a5925ff55bed19d0e61,f53917e28594542199b587173f9cdff75795d53b0a67286cd1b5f125dd563b3b,A trusts a person until a specific recurring cue changes the terms; B's reassurance brings that cue back and toggles reliance.,internal-editorial-rewrite,False,False
S228,S228-single-a,45,47,feac552d556a3cacfd7ab2a94eb14ecc04429bf22eeb0f28c17b5a34cf9824cb,c1138306dc7c6ce7d86018a8b64960f5e7131a9253733b7bed6dfa5115aae1e2,New details change the meaning of one past hurt without erasing it; B's explanation creates a new interpretation of the original absence.,internal-editorial-rewrite,False,False
S228,S228-single-b,43,47,d1b1c05f2ee89b38b5650ce196d6672d278531f1fce9d290b0ccf3c2337a82b1,e2a2710499fe6b2c03b719068f2f6fbd33270bfefd305b7418b4d5336efa6d06,New details change the meaning of one past hurt without erasing it; B's explanation creates a new interpretation of the original absence.,internal-editorial-rewrite,False,False
S229,S229-single-a,41,43,7c492dbbbb7b463b0f08af2121c499c367c54063fb45395b09c039efdd35b543,0cae786f5f3140f29016bbb4756b7ffb25324de30a345f62d2cdf24d5b431a9a,A takes praise sincerely and instantly converts it into a higher obligation; each new compliment raises the next demand.,internal-editorial-rewrite,False,False
S229,S229-single-b,38,36,fa9acfbb7151307f32e10cad1cab6be169264592c8a37404150513f8175a2385,c47db07b617a429cbc807b5f2f3a06eaf7040e54c027db8722360ef17ac04c1b,A takes praise sincerely and instantly converts it into a higher obligation; each new compliment raises the next demand.,internal-editorial-rewrite,False,False
S230,S230-single-a,42,37,369e44f7f6a0aa230761300f4128793ea3fdae3047901b04370515408035c669,e95c4c361fac7ea128b5625224ba370dd96e4fb4fc1feea3b403b2b0d7987011,A alternates between loyalty to a younger identity and deliberate betrayal; B's practical response triggers the next side of that same conflict.,internal-editorial-rewrite,False,False
S230,S230-single-b,47,40,50ca655a7b306f32082fd282bace231af5fba6d7fabea3d99328218843499aa0,1683685a03603a8b04c67249fa05b5fcd355afe5fbbfbfe6df747ee71fe0f961,A alternates between loyalty to a younger identity and deliberate betrayal; B's practical response triggers the next side of that same conflict.,internal-editorial-rewrite,False,False
S231,S231-single-a,41,30,377591d903cd3d099fb495083745d4cb85f6cc93d811266f2ec1292be2aebc30,8e5e28d4e99d831933c66e7a888f2d0a6b29b83934292ce60fccdba392f3ef3d,"A treats each reassurance as a disguised threat, with suspicion following the specific relief B offers.",internal-editorial-rewrite,False,False
S231,S231-single-b,40,33,5a87b8e28a762b34c8c293e9e1652e9eb17b05462e09a0bb2aab41283c552c57,83bf81be1491e2bf5578bcdf39a5c7736dfc104789f8f61a7e44f4b6f36daf50,"A treats each reassurance as a disguised threat, with suspicion following the specific relief B offers.",internal-editorial-rewrite,False,False
S232,S232-single-a,43,45,742e9e1b6d208b17bcbb9930c0308425bb7743740914be11bd78c4fc39b7b1d6,a8ef4f8bf5883adf76942465c3901e6edf2a4645aded7e8ed890daa4778d9995,Protective competence gives way to a need to remain needed; B's actual competence raises A's personal insecurity rather than danger alone.,internal-editorial-rewrite,False,False
S232,S232-single-b,45,39,ace69f360ee83dab5c85cc629b81fd207cb04a24a6474d0abed2a13bf2626ffd,6c2ef467ae6f5a04b2ce1159933282e603274489d71a9b746e7b536c010232ae,Protective competence gives way to a need to remain needed; B's actual competence raises A's personal insecurity rather than danger alone.,internal-editorial-rewrite,False,False
S233,S233-single-a,39,43,45dc839940cad90262472da361830357563571334da81c54f75358674bd4577e,ca65fa6ea01278020aaed07146ed767ffc44b16e2cdccefa059ca998466400e1,"A adapts to gain acceptance, then defends the newly adopted self when the welcome changes again.",internal-editorial-rewrite,False,False
S233,S233-single-b,43,46,1d0dba5eeb0cbdd52f57c4af256921587680956565ae83e40e6429ad4cac9e52,f7517c59ac9c9e15f77ac26a3676c85d63981ba486558ce0b85a6ad3a63d0dd4,"A adapts to gain acceptance, then defends the newly adopted self when the welcome changes again.",internal-editorial-rewrite,False,False
S234,S234-single-a,38,44,67d8e20c407610186b8a55871d9e0ddff7ef43eb7a0bea8b35566e10c33bd274,e62cac90710e07a355b4ce77b06adb900f47992224e09410d5daf21f33825b97,A plants modest factual evidence that accumulates into a claim of importance; B's recognition triggers another supposedly minor supporting fact.,internal-editorial-rewrite,False,False
S234,S234-single-b,39,41,0621c5ae58de68885bc83dc24726eee417fd322b1cf8a623c4012e688bc4cae5,9176390d72fd873aeb0be59121aa87defa1d9b37afab63159b35465622fb5aba,A plants modest factual evidence that accumulates into a claim of importance; B's recognition triggers another supposedly minor supporting fact.,internal-editorial-rewrite,False,False
S235,S235-single-a,46,44,ef403588597a638c3f0a4e4b0485f476cbd6c13e0a5a5370061c5f8ea9d77869,05cfa90c935e44ca23f00368df14d9b6835deb85d3d69b72320c9ae270424dd4,"A repeats a concrete ritual and reveals a different plausible meaning when B responds; the gesture remains constant, not the topic.",internal-editorial-rewrite,False,False
S235,S235-single-b,43,40,2d6b24cb1ea81daa056c064971ee69977aaded53cf939816bbf1053082d4470c,ba62d2c14c69f9b828cc1c960454eca02023ecae877e6bd601ef6d4f87a1d48f,"A repeats a concrete ritual and reveals a different plausible meaning when B responds; the gesture remains constant, not the topic.",internal-editorial-rewrite,False,False
S236,S236-single-a,49,40,db4edc326e612d8da498f810fecb2bada51b96071ec978d81244e481623eea1d,2b25f08917c86cacdd49a7f8dd7bc28e0777ba5a4786588b8ec4550a9faeec52,One early warning recurs at a larger scale; B's latest development is interpreted through the original overlooked detail.,internal-editorial-rewrite,False,False
S236,S236-single-b,37,38,a720c9bb0206f0edcb1064d7fe53cfb6bf6e5a0687969d33e27428dc8395882f,b438035e311916edf9fa50e0e92895582fa5ca53aab7f20b071d20b1c6a4109b,One early warning recurs at a larger scale; B's latest development is interpreted through the original overlooked detail.,internal-editorial-rewrite,False,False
S237,S237-single-a,42,36,0ce461a1dc966485d168e253112ea7fd7045c6eee20391ada00a6e5a3675909f,369bb254416517424cf8e81309ffeaf74b096a9e4779d03b79db758006f91452,A enthusiastically claims both a goal and its reversal as intended victories; B's contradictions are welcomed rather than denied.,internal-editorial-rewrite,False,False
S237,S237-single-b,40,43,60893688accb2d66ab9e7006777f2055980c94365cf88373c71fdaf55c518486,63a323d25d28802bc787a550cae42fe1d721a03fc3535f577ab0107f22f9b1c2,A enthusiastically claims both a goal and its reversal as intended victories; B's contradictions are welcomed rather than denied.,internal-editorial-rewrite,False,False
S238,S238-single-a,43,40,b131cb5a23f55ed1f6ced5bc0fbdb9f1e4e1d7ac727b32bc82d132e5f71aaf79,5c4f85b89b72f64c8d92e4ed86281dd37957ec99204a09d9c0c6b7f90c96be40,A returns to one practical consequence through increasingly strange developments; each new offer changes the same bill or problem.,internal-editorial-rewrite,False,False
S238,S238-single-b,38,43,d87c51849585df68d717d00bcf7dcc332c1c2512316270ea6b0f10d8d33c56e6,f7155f18137741c1acff7cd9f779c83861de84841469aa663320fca5731c8ac6,A returns to one practical consequence through increasingly strange developments; each new offer changes the same bill or problem.,internal-editorial-rewrite,False,False
S239,S239-single-a,46,46,729e2e0bc6c56975f32aceea932e7649df91d2b40149cbe325033ab8c9fead4d,fe411ef63e2d4277426ff859268d6902eee454e348ec10e2333866355c4a55e4,The same object changes relationship meaning through B's responses; no prop substitution is needed for the reversal.,internal-editorial-rewrite,False,False
S239,S239-single-b,45,42,5081ae64d1b0d617583a1d8c9b9155a13ee33e8420e73c7d1a90c6b05db9ac10,cef94045980123e7a933aeefd2ce78577f76d0ef54e19b5cd90595963bd2e921,The same object changes relationship meaning through B's responses; no prop substitution is needed for the reversal.,internal-editorial-rewrite,False,False
S240,S240-single-a,43,42,dbf90e2b99f9cd4a33bb1001a305e0bf6e855f3449ae33cc43a2ffa70e63e7c8,66a286f32afa9d02856d0fc752a171a4e25430c5cd5ef703032c9004b58a21f1,A repeats one phrase with a changed emotional function after each offer; the language itself reveals the relationship's movement.,internal-editorial-rewrite,False,False
S240,S240-single-b,46,45,61a085b5e545bebbfe0bf813ffa1100d2b3a88fc273806a674d44dbf9f62c96b,0ec3845c4609e557dff289a1e94f684bd85e026da419477a5ebe8ab800ff38ae,A repeats one phrase with a changed emotional function after each offer; the language itself reveals the relationship's movement.,internal-editorial-rewrite,False,False
